date,Industrial Production,Real personal income,Non-farm payrolls,unemployement rate,Housing starts,Fed funds,10Y-yield,3M-yield,PPI,Headline CPI,Core CPI,sp500,target
1959-01-01,22.0151,2442.158,52478.0,6.0,1657.0,2.48,4.02,2.82,33.1,29.01,29.9,55.62,no recession
1959-02-01,22.4463,2451.778,52688.0,5.9,1667.0,2.43,3.96,2.7,33.2,29.0,29.9,54.77,no recession
1959-03-01,22.7696,2467.594,53014.0,5.6,1620.0,2.8,3.99,2.8,33.2,28.97,30.0,56.16,no recession
1959-04-01,23.2547,2483.671,53321.0,5.2,1590.0,2.96,4.12,2.95,33.2,28.98,30.0,57.1,no recession
1959-05-01,23.605,2498.026,53550.0,5.1,1498.0,2.9,4.31,2.84,33.3,29.04,30.1,57.96,no recession
1959-06-01,23.6319,2505.788,53681.0,5.0,1503.0,3.39,4.34,3.21,33.2,29.11,30.2,57.46,no recession
1959-07-01,23.066,2504.312,53804.0,5.1,1547.0,3.47,4.4,3.2,33.1,29.15,30.2,59.74,no recession
1959-08-01,22.2846,2490.236,53336.0,5.2,1430.0,3.5,4.43,3.38,33.0,29.18,30.2,59.4,no recession
1959-09-01,22.2577,2492.033,53428.0,5.5,1540.0,3.76,4.68,4.04,33.4,29.25,30.3,57.05,no recession
1959-10-01,22.096,2495.225,53358.0,5.7,1355.0,3.98,4.53,4.05,33.1,29.35,30.4,57.0,no recession
1959-11-01,22.2307,2514.248,53634.0,5.8,1416.0,4.0,4.53,4.15,33.0,29.35,30.4,57.23,no recession
1959-12-01,23.605,2540.011,54174.0,5.3,1601.0,3.99,4.69,4.49,33.0,29.41,30.5,59.06,no recession
1960-01-01,24.2247,2548.137,54274.0,5.2,1460.0,3.99,4.72,4.35,33.1,29.37,30.5,58.03,no recession
1960-02-01,24.0092,2551.05,54513.0,4.8,1503.0,3.97,4.49,3.96,33.1,29.41,30.6,55.78,no recession
1960-03-01,23.7936,2555.924,54454.0,5.4,1109.0,3.84,4.25,3.31,33.4,29.41,30.6,55.02,no recession
1960-04-01,23.605,2564.677,54813.0,5.2,1289.0,3.92,4.28,3.23,33.4,29.54,30.6,55.73,no recession
1960-05-01,23.578,2570.841,54475.0,5.1,1271.0,3.85,4.35,3.29,33.4,29.57,30.6,55.22,recession
1960-06-01,23.2816,2572.869,54348.0,5.4,1247.0,3.32,4.15,2.46,33.4,29.61,30.7,57.26,recession
1960-07-01,23.2008,2577.579,54306.0,5.5,1197.0,3.23,3.9,2.3,33.5,29.55,30.6,55.84,recession
1960-08-01,23.1738,2573.388,54272.0,5.6,1344.0,2.98,3.8,2.3,33.4,29.61,30.6,56.51,recession
1960-09-01,22.9313,2576.666,54227.0,5.5,1097.0,2.6,3.8,2.48,33.4,29.61,30.6,54.81,recession
1960-10-01,22.9044,2584.282,54142.0,6.1,1246.0,2.47,3.89,2.3,33.7,29.75,30.8,53.73,recession
1960-11-01,22.581,2573.347,53961.0,6.1,1246.0,2.44,3.93,2.37,33.7,29.78,30.8,55.47,recession
1960-12-01,22.1499,2561.458,53742.0,6.6,1063.0,1.98,3.84,2.25,33.6,29.81,30.7,56.8,recession
1961-01-01,22.1768,2584.569,53683.0,6.6,1183.0,1.45,3.84,2.24,33.6,29.84,30.8,59.72,recession
1961-02-01,22.1499,2594.453,53557.0,6.9,1226.0,2.54,3.78,2.42,33.7,29.84,30.8,62.17,recession
1961-03-01,22.2846,2605.019,53659.0,6.9,1312.0,2.02,3.74,2.39,33.6,29.84,30.9,64.12,no recession
1961-04-01,22.7427,2610.677,53627.0,7.0,1166.0,1.49,3.78,2.29,33.4,29.81,30.9,65.83,no recession
1961-05-01,23.093,2630.983,53786.0,7.1,1228.0,1.98,3.71,2.29,33.3,29.84,30.9,66.5,no recession
1961-06-01,23.4164,2655.755,53977.0,6.9,1382.0,1.73,3.88,2.33,33.3,29.84,31.0,65.62,no recession
1961-07-01,23.6858,2663.324,54123.0,7.0,1335.0,1.17,3.92,2.24,33.3,29.92,31.0,65.44,no recession
1961-08-01,23.9014,2664.791,54298.0,6.6,1312.0,2.0,4.04,2.39,33.4,29.94,31.1,67.79,no recession
1961-09-01,23.8745,2668.056,54388.0,6.7,1429.0,1.88,3.98,2.28,33.3,29.98,31.1,67.26,no recession
1961-10-01,24.3325,2694.499,54522.0,6.5,1415.0,2.26,3.92,2.3,33.3,29.98,31.1,68.0,no recession
1961-11-01,24.7098,2718.609,54742.0,6.1,1385.0,2.61,3.94,2.48,33.4,29.98,31.2,71.08,no recession
1961-12-01,24.9253,2734.812,54872.0,6.0,1365.0,2.33,4.06,2.6,33.4,30.01,31.2,71.74,no recession
1962-01-01,24.7098,2732.201,54891.0,5.8,1361.0,2.15,4.08,2.72,33.5,30.04,31.2,69.07,no recession
1962-02-01,25.114,2743.689,55188.0,5.5,1278.0,2.37,4.04,2.73,33.6,30.11,31.2,70.22,no recession
1962-03-01,25.2487,2762.598,55275.0,5.6,1443.0,2.85,3.93,2.72,33.5,30.17,31.3,70.29,no recession
1962-04-01,25.3026,2776.751,55602.0,5.6,1524.0,2.78,3.84,2.73,33.5,30.21,31.3,68.05,no recession
1962-05-01,25.2756,2780.627,55628.0,5.5,1483.0,2.36,3.87,2.69,33.4,30.24,31.4,62.99,no recession
1962-06-01,25.2218,2784.562,55644.0,5.5,1404.0,2.68,3.91,2.73,33.4,30.21,31.4,55.63,no recession
1962-07-01,25.4643,2797.963,55746.0,5.4,1450.0,2.71,4.01,2.92,33.4,30.22,31.4,56.97,no recession
1962-08-01,25.4912,2802.522,55838.0,5.7,1517.0,2.93,3.98,2.82,33.5,30.28,31.5,58.52,no recession
1962-09-01,25.6529,2803.759,55978.0,5.6,1324.0,2.9,3.98,2.78,33.8,30.42,31.5,58.0,no recession
1962-10-01,25.6799,2818.754,56041.0,5.4,1533.0,2.9,3.93,2.74,33.6,30.38,31.5,56.17,no recession
1962-11-01,25.7876,2828.912,56056.0,5.7,1622.0,2.94,3.92,2.83,33.6,30.38,31.5,60.04,no recession
1962-12-01,25.7876,2842.294,56028.0,5.5,1564.0,2.93,3.86,2.87,33.5,30.38,31.6,62.64,no recession
1963-01-01,25.9762,2859.848,56115.0,5.7,1244.0,2.92,3.83,2.91,33.4,30.44,31.5,65.06,no recession
1963-02-01,26.2727,2844.767,56230.0,5.9,1456.0,3.0,3.92,2.92,33.4,30.48,31.6,65.92,no recession
1963-03-01,26.4344,2857.502,56320.0,5.7,1534.0,2.98,3.93,2.89,33.3,30.51,31.7,65.67,no recession
1963-04-01,26.6769,2865.333,56580.0,5.7,1689.0,2.9,3.97,2.9,33.3,30.48,31.7,68.76,no recession
1963-05-01,27.0002,2877.681,56616.0,5.9,1641.0,3.0,3.93,2.93,33.4,30.51,31.7,70.14,no recession
1963-06-01,27.0811,2891.248,56659.0,5.6,1588.0,2.99,3.99,2.99,33.5,30.61,31.8,70.11,no recession
1963-07-01,26.9733,2892.852,56794.0,5.6,1614.0,3.02,4.02,3.18,33.4,30.69,31.8,69.07,no recession
1963-08-01,27.0272,2903.021,56910.0,5.4,1639.0,3.49,4.0,3.32,33.4,30.75,31.9,70.98,no recession
1963-09-01,27.2966,2922.823,57078.0,5.5,1763.0,3.48,4.08,3.38,33.4,30.72,31.9,72.85,no recession
1963-10-01,27.4853,2938.834,57283.0,5.5,1779.0,3.5,4.11,3.45,33.5,30.75,32.0,73.03,no recession
1963-11-01,27.62,2944.966,57255.0,5.7,1622.0,3.48,4.12,3.52,33.5,30.78,32.0,72.62,no recession
1963-12-01,27.5661,2968.29,57361.0,5.5,1491.0,3.38,4.13,3.52,33.4,30.88,32.1,74.17,no recession
1964-01-01,27.8086,2978.966,57487.0,5.6,1603.0,3.48,4.17,3.52,33.5,30.94,32.2,76.45,no recession
1964-02-01,27.9972,2991.18,57753.0,5.4,1820.0,3.48,4.15,3.53,33.5,30.91,32.2,77.39,no recession
1964-03-01,27.9972,3006.408,57897.0,5.4,1517.0,3.43,4.22,3.54,33.4,30.94,32.2,78.8,no recession
1964-04-01,28.4553,3024.647,57922.0,5.3,1448.0,3.47,4.23,3.47,33.5,30.95,32.2,79.94,no recession
1964-05-01,28.617,3042.828,58089.0,5.1,1467.0,3.5,4.2,3.48,33.5,30.98,32.2,80.72,no recession
1964-06-01,28.6978,3053.6,58219.0,5.2,1550.0,3.5,4.17,3.48,33.5,31.01,32.3,80.24,no recession
1964-07-01,28.8865,3070.242,58412.0,4.9,1562.0,3.42,4.19,3.46,33.5,31.02,32.3,83.22,no recession
1964-08-01,29.0751,3087.385,58619.0,5.0,1569.0,3.5,4.19,3.5,33.6,31.05,32.3,82.0,no recession
1964-09-01,29.1829,3100.22,58903.0,5.1,1455.0,3.45,4.2,3.53,33.6,31.08,32.3,83.41,no recession
1964-10-01,28.7787,3101.866,58793.0,5.1,1524.0,3.36,4.19,3.57,33.6,31.12,32.4,84.85,no recession
1964-11-01,29.6679,3122.788,59218.0,4.8,1486.0,3.52,4.15,3.64,33.6,31.21,32.5,85.44,no recession
1964-12-01,30.0182,3153.736,59421.0,5.0,1484.0,3.85,4.18,3.84,33.6,31.25,32.5,83.96,no recession
1965-01-01,30.3416,3173.501,59582.0,4.9,1361.0,3.9,4.19,3.81,33.6,31.28,32.6,86.12,no recession
1965-02-01,30.5302,3175.364,59800.0,5.1,1433.0,3.98,4.21,3.93,33.7,31.28,32.6,86.75,no recession
1965-03-01,30.9344,3190.591,60003.0,4.7,1423.0,4.05,4.21,3.93,33.7,31.31,32.6,86.83,no recession
1965-04-01,31.0691,3203.803,60259.0,4.8,1438.0,4.09,4.2,3.93,34.0,31.38,32.7,87.97,no recession
1965-05-01,31.3116,3221.449,60491.0,4.6,1478.0,4.1,4.21,3.89,34.1,31.48,32.7,89.28,no recession
1965-06-01,31.5541,3230.773,60690.0,4.6,1488.0,4.05,4.21,3.8,34.2,31.61,32.7,85.04,no recession
1965-07-01,31.8506,3252.486,60965.0,4.4,1529.0,4.09,4.2,3.84,34.1,31.58,32.7,84.91,no recession
1965-08-01,31.9853,3266.104,61228.0,4.4,1432.0,4.12,4.25,3.84,34.2,31.55,32.7,86.49,no recession
1965-09-01,32.0661,3346.103,61490.0,4.3,1482.0,4.02,4.29,3.92,34.3,31.62,32.8,89.38,no recession
1965-10-01,32.3895,3331.63,61719.0,4.2,1452.0,4.08,4.35,4.03,34.4,31.65,32.8,91.39,no recession
1965-11-01,32.5242,3356.525,61996.0,4.1,1460.0,4.1,4.45,4.09,34.5,31.75,32.9,92.15,no recession
1965-12-01,32.9284,3374.333,62322.0,4.0,1656.0,4.32,4.62,4.38,34.7,31.85,33.0,91.73,no recession
1966-01-01,33.2518,3382.552,62529.0,4.0,1370.0,4.42,4.61,4.59,34.7,31.88,33.0,93.32,no recession
1966-02-01,33.4674,3399.363,62796.0,3.8,1378.0,4.6,4.83,4.65,35.0,32.08,33.1,92.69,no recession
1966-03-01,33.9254,3417.621,63192.0,3.8,1394.0,4.66,4.87,4.59,35.0,32.18,33.1,88.88,no recession
1966-04-01,33.9793,3414.73,63437.0,3.8,1352.0,4.67,4.75,4.62,35.1,32.28,33.3,91.6,no recession
1966-05-01,34.3027,3425.954,63712.0,3.9,1265.0,4.9,4.78,4.64,35.1,32.35,33.4,86.78,no recession
1966-06-01,34.4643,3442.635,64111.0,3.8,1194.0,5.17,4.81,4.5,34.9,32.38,33.5,86.06,no recession
1966-07-01,34.653,3456.638,64301.0,3.8,1086.0,5.3,5.02,4.8,35.1,32.45,33.6,85.84,no recession
1966-08-01,34.6799,3473.932,64507.0,3.8,1119.0,5.53,5.22,4.96,35.4,32.65,33.7,80.65,no recession
1966-09-01,35.0033,3494.844,64643.0,3.7,1046.0,5.4,5.18,5.37,35.6,32.75,33.8,77.81,no recession
1966-10-01,35.2458,3509.309,64854.0,3.7,843.0,5.53,5.01,5.35,35.5,32.85,34.0,77.13,no recession
1966-11-01,35.0033,3531.003,65019.0,3.6,961.0,5.76,5.16,5.32,35.5,32.88,34.0,80.99,no recession
1966-12-01,35.0841,3530.065,65199.0,3.8,990.0,5.4,4.84,4.96,35.4,32.92,34.1,81.33,no recession
1967-01-01,35.2496,3562.998,65407.0,3.9,1067.0,4.94,4.58,4.72,35.4,32.9,34.2,84.45,no recession
1967-02-01,34.8498,3567.335,65429.0,3.8,1123.0,5.0,4.63,4.56,35.3,33.0,34.2,87.36,no recession
1967-03-01,34.6534,3588.793,65530.0,3.8,1056.0,4.53,4.54,4.26,35.3,33.0,34.3,89.42,no recession
1967-04-01,34.9802,3586.125,65466.0,3.8,1091.0,4.05,4.59,3.84,35.3,33.1,34.4,90.96,no recession
1967-05-01,34.675,3592.518,65620.0,3.8,1304.0,3.94,4.85,3.6,35.4,33.1,34.5,92.59,no recession
1967-06-01,34.6707,3606.776,65750.0,3.9,1248.0,3.98,5.02,3.54,35.7,33.3,34.6,91.43,no recession
1967-07-01,34.5918,3625.314,65888.0,3.8,1364.0,3.79,5.16,4.21,35.7,33.4,34.7,93.01,no recession
1967-08-01,35.2545,3642.274,66143.0,3.8,1407.0,3.9,5.28,4.27,35.8,33.5,34.9,94.49,no recession
1967-09-01,35.1972,3645.137,66164.0,3.8,1421.0,3.99,5.3,4.42,35.8,33.6,35.0,95.81,no recession
1967-10-01,35.4839,3650.016,66225.0,4.0,1491.0,3.88,5.48,4.56,35.9,33.7,35.1,95.66,no recession
1967-11-01,35.9914,3673.03,66703.0,3.9,1538.0,4.13,5.75,4.73,35.9,33.9,35.2,92.66,no recession
1967-12-01,36.379,3683.388,66900.0,3.8,1308.0,4.51,5.7,4.97,36.0,34.0,35.4,95.3,no recession
1968-01-01,36.3399,3703.467,66804.0,3.7,1380.0,4.61,5.53,5.0,36.1,34.1,35.5,95.04,no recession
1968-02-01,36.4701,3731.731,67215.0,3.8,1520.0,4.71,5.56,4.98,36.2,34.2,35.7,90.75,no recession
1968-03-01,36.5839,3763.465,67295.0,3.7,1466.0,5.05,5.74,5.17,36.3,34.3,35.8,89.09,no recession
1968-04-01,36.6369,3780.348,67556.0,3.5,1554.0,5.76,5.64,5.38,36.5,34.4,35.9,95.67,no recession
1968-05-01,37.0478,3800.158,67652.0,3.5,1408.0,6.12,5.87,5.66,36.5,34.5,36.0,97.87,no recession
1968-06-01,37.1839,3817.95,67905.0,3.7,1405.0,6.07,5.72,5.52,36.6,34.7,36.2,100.5,no recession
1968-07-01,37.1269,3841.105,68126.0,3.7,1512.0,6.03,5.5,5.31,36.7,34.9,36.4,100.3,no recession
1968-08-01,37.2305,3858.838,68330.0,3.5,1495.0,6.03,5.42,5.09,36.8,35.0,36.5,98.11,no recession
1968-09-01,37.3715,3876.933,68484.0,3.4,1556.0,5.78,5.46,5.19,37.0,35.1,36.7,101.3,no recession
1968-10-01,37.4457,3883.464,68721.0,3.4,1569.0,5.91,5.58,5.35,37.0,35.3,36.9,103.8,no recession
1968-11-01,37.9301,3900.973,68984.0,3.4,1630.0,5.82,5.7,5.45,37.1,35.4,37.1,105.4,no recession
1968-12-01,38.0499,3916.872,69248.0,3.4,1548.0,6.02,6.03,5.96,37.1,35.6,37.2,106.5,no recession
1969-01-01,38.2801,3920.47,69439.0,3.4,1769.0,6.3,6.04,6.14,37.2,35.7,37.3,102.0,no recession
1969-02-01,38.525,3938.913,69699.0,3.4,1705.0,6.61,6.19,6.12,37.2,35.8,37.6,101.5,no recession
1969-03-01,38.8271,3956.672,69905.0,3.4,1561.0,6.79,6.3,6.02,37.4,36.1,37.8,99.3,no recession
1969-04-01,38.6842,3966.147,70072.0,3.4,1524.0,7.41,6.17,6.11,37.6,36.3,38.1,101.3,no recession
1969-05-01,38.538,3981.601,70328.0,3.4,1583.0,8.67,6.32,6.04,37.8,36.4,38.1,104.6,no recession
1969-06-01,38.9145,3995.273,70636.0,3.5,1528.0,8.9,6.57,6.44,38.0,36.6,38.3,99.14,no recession
1969-07-01,39.12,4017.343,70729.0,3.5,1368.0,8.61,6.72,7.0,38.1,36.8,38.5,94.71,no recession
1969-08-01,39.2099,4042.239,71008.0,3.5,1358.0,9.19,6.69,6.98,38.2,36.9,38.7,94.18,no recession
1969-09-01,39.2011,4052.81,70914.0,3.7,1507.0,9.15,7.16,7.09,38.3,37.1,38.9,94.51,no recession
1969-10-01,39.2125,4060.316,71121.0,3.7,1381.0,9.0,7.1,7.0,38.5,37.3,39.1,95.52,no recession
1969-11-01,38.8429,4064.391,71086.0,3.5,1229.0,8.85,7.14,7.24,38.8,37.5,39.2,96.21,no recession
1969-12-01,38.7387,4072.746,71241.0,3.5,1327.0,8.97,7.65,7.82,38.9,37.7,39.4,91.11,no recession
1970-01-01,38.0213,4080.053,71176.0,3.9,1085.0,8.98,7.79,7.87,39.1,37.9,39.6,90.31,recession
1970-02-01,37.9963,4090.141,71305.0,4.2,1305.0,8.98,7.24,7.13,39.0,38.1,39.8,87.16,recession
1970-03-01,37.9469,4105.972,71451.0,4.4,1319.0,7.76,7.07,6.63,39.1,38.3,40.1,88.65,recession
1970-04-01,37.8494,4146.769,71348.0,4.6,1264.0,8.1,7.39,6.51,39.1,38.5,40.4,85.95,recession
1970-05-01,37.8053,4122.95,71124.0,4.8,1290.0,7.95,7.91,6.84,39.1,38.6,40.5,76.06,recession
1970-06-01,37.683,4135.827,71029.0,4.9,1385.0,7.61,7.84,6.68,39.2,38.8,40.8,75.59,recession
1970-07-01,37.7755,4159.044,71053.0,5.0,1517.0,7.21,7.46,6.45,39.2,38.9,40.9,75.72,recession
1970-08-01,37.7081,4169.629,70937.0,5.1,1399.0,6.62,7.53,6.41,39.2,39.0,41.1,77.92,recession
1970-09-01,37.4482,4166.724,70944.0,5.4,1534.0,6.29,7.39,6.12,39.6,39.2,41.3,82.58,recession
1970-10-01,36.6991,4152.443,70521.0,5.5,1580.0,6.2,7.33,5.91,39.6,39.4,41.5,84.37,recession
1970-11-01,36.4768,4148.145,70409.0,5.9,1647.0,5.6,6.84,5.28,39.8,39.6,41.8,84.28,recession
1970-12-01,37.3145,4162.384,70792.0,6.1,1893.0,4.9,6.39,4.87,39.8,39.8,42.0,90.05,no recession
1971-01-01,37.6015,4198.309,70865.0,5.9,1828.0,4.14,6.24,4.44,39.9,39.9,42.1,93.49,no recession
1971-02-01,37.5299,4206.553,70807.0,5.9,1741.0,3.72,6.11,3.7,40.1,39.9,42.2,97.11,no recession
1971-03-01,37.4892,4219.729,70860.0,6.0,1910.0,3.71,5.7,3.38,40.2,40.0,42.2,99.6,no recession
1971-04-01,37.6998,4231.074,71036.0,5.9,1986.0,4.16,5.83,3.86,40.3,40.1,42.4,103.0,no recession
1971-05-01,37.8911,4247.207,71247.0,5.9,2049.0,4.63,6.39,4.14,40.5,40.3,42.6,101.6,no recession
1971-06-01,38.05,4326.865,71254.0,5.9,2026.0,4.91,6.52,4.75,40.6,40.5,42.8,99.72,no recession
1971-07-01,37.9395,4272.81,71315.0,6.0,2083.0,5.31,6.73,5.4,40.4,40.6,42.9,99.0,no recession
1971-08-01,37.7193,4287.522,71373.0,6.1,2158.0,5.57,6.58,4.94,40.7,40.7,43.0,97.24,no recession
1971-09-01,38.3324,4312.76,71614.0,6.0,2041.0,5.55,6.14,4.69,40.7,40.8,43.0,99.4,no recession
1971-10-01,38.6193,4324.676,71642.0,5.8,2128.0,5.2,5.93,4.46,40.7,40.9,43.1,97.29,no recession
1971-11-01,38.7832,4346.762,71847.0,6.0,2182.0,4.91,5.81,4.22,40.8,41.0,43.2,92.78,no recession
1971-12-01,39.2309,4369.464,72109.0,6.0,2295.0,4.14,5.93,4.01,41.1,41.1,43.3,99.17,no recession
1972-01-01,40.1688,4390.518,72441.0,5.8,2494.0,3.51,5.95,3.38,41.0,41.2,43.5,103.3,no recession
1972-02-01,40.5837,4426.359,72648.0,5.7,2390.0,3.3,6.08,3.2,41.3,41.4,43.6,105.2,no recession
1972-03-01,40.8655,4454.36,72944.0,5.8,2334.0,3.83,6.07,3.73,41.3,41.4,43.6,107.7,no recession
1972-04-01,41.2656,4460.189,73162.0,5.7,2249.0,4.17,6.19,3.71,41.3,41.5,43.8,108.8,no recession
1972-05-01,41.2706,4479.264,73469.0,5.7,2221.0,4.27,6.13,3.69,41.5,41.6,43.9,107.7,no recession
1972-06-01,41.3786,4491.62,73758.0,5.7,2254.0,4.46,6.11,3.91,41.7,41.7,44.0,108.0,no recession
1972-07-01,41.3347,4518.901,73709.0,5.6,2252.0,4.55,6.11,3.98,41.8,41.8,44.1,107.2,no recession
1972-08-01,41.9046,4560.769,74141.0,5.6,2382.0,4.81,6.21,4.02,42.0,41.9,44.3,111.0,no recession
1972-09-01,42.2284,4578.161,74264.0,5.5,2481.0,4.87,6.55,4.66,42.2,42.1,44.3,109.4,no recession
1972-10-01,42.7745,4683.818,74674.0,5.6,2485.0,5.05,6.48,4.74,42.0,42.2,44.4,109.6,no recession
1972-11-01,43.2795,4731.413,74973.0,5.3,2421.0,5.06,6.28,4.78,42.3,42.4,44.4,115.1,no recession
1972-12-01,43.7695,4748.855,75268.0,5.2,2366.0,5.33,6.36,5.07,42.7,42.5,44.6,117.5,no recession
1973-01-01,44.0847,4729.977,75617.0,4.9,2481.0,5.94,6.46,5.41,43.0,42.7,44.6,118.4,no recession
1973-02-01,44.7242,4747.23,76014.0,5.0,2289.0,6.58,6.64,5.6,43.5,43.0,44.8,114.2,no recession
1973-03-01,44.7435,4753.071,76284.0,4.9,2365.0,7.09,6.71,6.09,44.4,43.4,45.0,112.4,no recession
1973-04-01,44.6782,4762.201,76455.0,5.0,2084.0,7.12,6.67,6.26,44.7,43.7,45.1,110.3,no recession
1973-05-01,44.9741,4783.055,76648.0,4.9,2266.0,7.84,6.85,6.36,45.0,43.9,45.3,107.2,no recession
1973-06-01,45.0257,4796.373,76887.0,4.9,2067.0,8.49,6.9,7.19,45.5,44.2,45.4,104.8,no recession
1973-07-01,45.1952,4810.499,76913.0,4.8,2123.0,10.4,7.13,8.01,45.4,44.2,45.5,105.8,no recession
1973-08-01,45.1308,4796.415,77168.0,4.8,2051.0,10.5,7.4,8.67,47.0,45.0,45.7,103.8,no recession
1973-09-01,45.4862,4824.783,77276.0,4.8,1874.0,10.78,7.09,8.29,46.9,45.2,46.0,105.6,no recession
1973-10-01,45.8531,4866.943,77607.0,4.6,1677.0,10.01,6.79,7.22,46.8,45.6,46.3,109.8,no recession
1973-11-01,46.0654,4878.055,77920.0,4.8,1724.0,10.03,6.73,7.83,47.2,45.9,46.5,102.0,no recession
1973-12-01,45.9344,4865.13,78031.0,4.9,1526.0,9.95,6.74,7.45,47.6,46.3,46.7,94.78,recession
1974-01-01,45.6298,4823.641,78100.0,5.1,1451.0,9.65,6.99,7.77,48.8,46.8,46.9,96.11,recession
1974-02-01,45.4951,4794.649,78254.0,5.2,1752.0,8.97,6.96,7.12,49.7,47.3,47.2,93.45,recession
1974-03-01,45.4952,4763.27,78296.0,5.1,1555.0,9.35,7.21,7.96,50.2,47.8,47.6,97.44,recession
1974-04-01,45.3625,4760.436,78382.0,5.1,1607.0,10.51,7.51,8.33,50.7,48.1,47.9,92.46,recession
1974-05-01,45.7241,4764.73,78549.0,5.1,1426.0,11.31,7.58,8.23,51.3,48.6,48.5,89.67,recession
1974-06-01,45.639,4761.622,78604.0,5.4,1513.0,11.93,7.54,7.9,51.3,49.0,49.0,89.79,recession
1974-07-01,45.7193,4780.374,78636.0,5.5,1316.0,12.92,7.81,7.55,52.7,49.3,49.5,79.31,recession
1974-08-01,45.2357,4772.362,78619.0,5.5,1142.0,12.01,8.04,8.96,53.7,49.9,50.2,76.03,recession
1974-09-01,45.2421,4767.383,78610.0,5.9,1150.0,11.34,8.04,8.06,54.3,50.6,50.7,68.12,recession
1974-10-01,45.1011,4782.684,78630.0,6.0,1070.0,10.06,7.9,7.46,55.3,51.0,51.2,69.44,recession
1974-11-01,43.6158,4754.224,78265.0,6.6,1026.0,9.45,7.68,7.47,56.4,51.5,51.6,71.74,recession
1974-12-01,42.0553,4751.434,77652.0,7.2,975.0,8.53,7.43,7.15,56.4,51.9,52.0,67.07,recession
1975-01-01,41.475,4746.902,77293.0,8.1,1032.0,7.13,7.5,6.26,56.7,52.3,52.3,72.56,recession
1975-02-01,40.529,4744.634,76918.0,8.1,904.0,6.24,7.39,5.5,56.6,52.6,52.8,80.1,recession
1975-03-01,40.0796,4748.155,76648.0,8.6,993.0,5.54,7.73,5.49,56.6,52.8,53.0,83.78,recession
1975-04-01,40.1527,4753.802,76460.0,8.8,1005.0,5.49,8.23,5.61,57.1,53.0,53.3,84.72,no recession
1975-05-01,40.0399,4783.022,76624.0,9.0,1121.0,5.22,8.06,5.23,57.4,53.1,53.5,90.1,no recession
1975-06-01,40.2987,4866.383,76521.0,8.8,1087.0,5.55,7.86,5.34,57.9,53.5,53.8,92.4,no recession
1975-07-01,40.7094,4812.601,76770.0,8.6,1226.0,6.1,8.06,6.13,58.4,54.0,54.0,92.49,no recession
1975-08-01,41.1098,4848.633,77153.0,8.4,1260.0,6.14,8.4,6.44,58.9,54.2,54.2,85.71,no recession
1975-09-01,41.638,4860.019,77228.0,8.4,1264.0,6.24,8.43,6.42,59.3,54.6,54.5,84.67,no recession
1975-10-01,41.8171,4882.844,77540.0,8.4,1344.0,5.82,8.14,5.96,59.8,54.9,54.8,88.57,no recession
1975-11-01,41.8764,4882.572,77685.0,8.3,1360.0,5.22,8.05,5.48,60.0,55.3,55.2,90.07,no recession
1975-12-01,42.4484,4889.704,78017.0,8.2,1321.0,5.2,8.0,5.44,60.1,55.6,55.5,88.7,no recession
1976-01-01,43.0149,4921.721,78503.0,7.9,1367.0,4.87,7.74,4.87,60.0,55.8,55.9,96.86,no recession
1976-02-01,43.4515,4950.54,78816.0,7.7,1538.0,4.77,7.79,4.88,59.9,55.9,56.2,100.6,no recession
1976-03-01,43.5359,4963.6,79048.0,7.6,1421.0,4.84,7.73,5.0,60.0,56.0,56.5,101.1,no recession
1976-04-01,43.7593,4982.689,79292.0,7.7,1395.0,4.82,7.56,4.86,60.3,56.1,56.7,101.9,no recession
1976-05-01,43.9359,4988.193,79312.0,7.4,1459.0,5.29,7.9,5.2,60.4,56.4,57.0,101.2,no recession
1976-06-01,43.9918,4995.755,79376.0,7.6,1495.0,5.48,7.86,5.41,60.5,56.7,57.2,101.8,no recession
1976-07-01,44.2254,5026.559,79547.0,7.8,1401.0,5.31,7.83,5.23,60.7,57.0,57.6,104.2,no recession
1976-08-01,44.5365,5040.8,79704.0,7.8,1550.0,5.29,7.77,5.14,60.9,57.3,57.9,103.3,no recession
1976-09-01,44.6775,5045.041,79892.0,7.6,1720.0,5.25,7.59,5.08,61.1,57.6,58.2,105.5,no recession
1976-10-01,44.6695,5043.375,79911.0,7.7,1629.0,5.02,7.41,4.92,61.4,57.9,58.5,101.9,no recession
1976-11-01,45.354,5087.692,80240.0,7.8,1641.0,4.95,7.29,4.75,61.9,58.1,58.7,101.2,no recession
1976-12-01,45.8357,5103.347,80448.0,7.8,1804.0,4.65,6.87,4.35,62.4,58.4,58.9,104.7,no recession
1977-01-01,45.5276,5078.557,80690.0,7.5,1527.0,4.61,7.21,4.62,62.5,58.7,59.3,103.8,no recession
1977-02-01,46.2567,5095.058,80988.0,7.6,1943.0,4.68,7.39,4.67,63.2,59.3,59.7,101.0,no recession
1977-03-01,46.8356,5117.566,81391.0,7.4,2063.0,4.69,7.46,4.6,63.7,59.6,60.0,100.6,no recession
1977-04-01,47.2898,5139.635,81728.0,7.2,1892.0,4.73,7.37,4.54,64.0,60.0,60.3,99.05,no recession
1977-05-01,47.6607,5152.442,82088.0,7.0,1971.0,5.35,7.46,4.96,64.4,60.2,60.6,98.76,no recession
1977-06-01,48.0196,5160.48,82488.0,7.2,1893.0,5.39,7.28,5.02,64.6,60.5,61.0,99.29,no recession
1977-07-01,48.0819,5189.002,82834.0,6.9,2058.0,5.42,7.33,5.19,64.8,60.8,61.2,100.2,no recession
1977-08-01,48.1315,5209.385,83075.0,7.0,2020.0,5.9,7.4,5.49,65.2,61.1,61.5,97.75,no recession
1977-09-01,48.3308,5241.97,83532.0,6.8,1949.0,6.14,7.34,5.81,65.5,61.3,61.8,96.23,no recession
1977-10-01,48.4014,5287.299,83800.0,6.8,2042.0,6.47,7.52,6.16,65.9,61.6,62.0,93.74,no recession
1977-11-01,48.4924,5328.921,84173.0,6.8,2042.0,6.51,7.58,6.1,66.4,62.0,62.3,94.28,no recession
1977-12-01,48.564,5352.594,84410.0,6.4,2142.0,6.56,7.69,6.07,66.7,62.3,62.7,93.82,no recession
1978-01-01,47.8693,5333.703,84594.0,6.4,1718.0,6.7,7.96,6.44,67.0,62.7,63.1,90.25,no recession
1978-02-01,48.1283,5357.672,84948.0,6.3,1738.0,6.78,8.03,6.45,67.5,63.0,63.4,88.98,no recession
1978-03-01,49.0553,5388.099,85460.0,6.3,2032.0,6.79,8.04,6.29,67.8,63.4,63.8,88.82,no recession
1978-04-01,50.026,5418.932,86162.0,6.1,2197.0,6.89,8.15,6.29,68.6,63.9,64.3,92.71,no recession
1978-05-01,50.2717,5425.194,86509.0,6.0,2075.0,7.36,8.35,6.41,69.1,64.5,64.7,97.41,no recession
1978-06-01,50.5939,5444.997,86950.0,5.9,2070.0,7.6,8.46,6.73,69.7,65.0,65.2,97.66,no recession
1978-07-01,50.5499,5474.817,87204.0,6.2,2092.0,7.81,8.64,7.01,70.3,65.5,65.6,97.19,no recession
1978-08-01,50.7622,5499.675,87483.0,5.9,1996.0,8.04,8.41,7.08,70.4,65.9,66.1,103.9,no recession
1978-09-01,50.8856,5506.854,87621.0,6.0,1970.0,8.45,8.42,7.85,71.1,66.5,66.7,103.9,no recession
1978-10-01,51.2821,5527.13,87956.0,5.8,1981.0,8.96,8.64,7.99,71.4,67.1,67.2,100.6,no recession
1978-11-01,51.6737,5536.577,88391.0,5.9,2094.0,9.76,8.81,8.64,72.0,67.5,67.6,94.71,no recession
1978-12-01,51.9404,5568.06,88671.0,6.0,2044.0,10.03,9.01,9.08,72.8,67.9,68.0,96.11,no recession
1979-01-01,51.6507,5587.046,88808.0,5.9,1630.0,10.07,9.1,9.35,73.7,68.5,68.5,99.71,no recession
1979-02-01,51.9097,5609.23,89055.0,5.9,1520.0,10.06,9.1,9.32,74.4,69.2,69.2,98.23,no recession
1979-03-01,52.0667,5626.378,89479.0,5.8,1847.0,10.09,9.12,9.48,75.0,69.9,69.8,100.1,no recession
1979-04-01,51.4548,5581.54,89417.0,5.8,1748.0,10.01,9.18,9.46,75.8,70.6,70.3,102.1,no recession
1979-05-01,51.9061,5562.1,89789.0,5.6,1876.0,10.24,9.25,9.61,76.2,71.4,70.8,99.73,no recession
1979-06-01,51.9067,5559.111,90108.0,5.7,1913.0,10.29,8.91,9.06,76.6,72.2,71.3,101.7,no recession
1979-07-01,51.8258,5600.95,90217.0,5.7,1760.0,10.47,8.95,9.24,77.4,73.0,71.9,102.7,no recession
1979-08-01,51.49,5609.518,90300.0,6.0,1778.0,10.94,9.03,9.52,78.2,73.7,72.7,107.4,no recession
1979-09-01,51.4847,5608.839,90327.0,5.9,1832.0,11.43,9.33,10.26,79.5,74.4,73.3,108.6,no recession
1979-10-01,51.8421,5608.622,90481.0,6.0,1681.0,13.77,10.3,11.7,80.4,75.2,74.0,104.5,no recession
1979-11-01,51.7591,5626.07,90573.0,5.9,1524.0,13.18,10.65,11.79,81.4,76.0,74.8,103.7,no recession
1979-12-01,51.7974,5639.726,90672.0,6.0,1498.0,13.78,10.39,12.04,82.2,76.9,75.7,107.8,no recession
1980-01-01,52.0677,5647.002,90800.0,6.3,1341.0,13.82,10.8,12.0,83.4,78.0,76.7,110.9,no recession
1980-02-01,52.0899,5620.681,90883.0,6.3,1350.0,14.13,12.41,12.86,84.6,79.0,77.5,115.3,recession
1980-03-01,51.8687,5590.815,90994.0,6.3,1047.0,17.19,12.75,15.2,85.5,80.1,78.6,104.7,recession
1980-04-01,50.8454,5584.107,90849.0,6.9,1051.0,17.61,11.47,13.2,86.2,80.9,79.5,103.0,recession
1980-05-01,49.5947,5567.006,90420.0,7.5,927.0,10.98,10.18,8.58,86.6,81.7,80.1,107.7,recession
1980-06-01,48.9621,5580.753,90101.0,7.6,1196.0,9.47,9.78,7.07,87.3,82.5,81.0,114.6,recession
1980-07-01,48.609,5622.97,89840.0,7.8,1269.0,9.03,10.25,8.06,88.7,82.6,80.8,119.8,recession
1980-08-01,48.7646,5635.319,90099.0,7.7,1436.0,9.61,11.1,9.13,89.7,83.2,81.3,123.5,no recession
1980-09-01,49.5764,5660.268,90213.0,7.5,1471.0,10.87,11.51,10.27,90.1,83.9,82.1,126.5,no recession
1980-10-01,50.2058,5709.69,90490.0,7.5,1523.0,12.81,11.75,11.62,90.8,84.7,83.0,130.2,no recession
1980-11-01,51.0418,5724.084,90747.0,7.5,1510.0,15.85,12.68,13.73,91.4,85.6,83.9,135.7,no recession
1980-12-01,51.3906,5752.531,90943.0,7.2,1482.0,18.9,12.84,15.49,91.8,86.4,84.9,133.5,no recession
1981-01-01,51.0656,5734.617,91033.0,7.5,1547.0,19.08,12.57,15.02,92.8,87.2,85.4,133.0,no recession
1981-02-01,50.8554,5719.24,91105.0,7.4,1246.0,15.93,13.19,14.79,93.6,88.0,85.9,128.4,no recession
1981-03-01,51.1107,5738.038,91210.0,7.4,1306.0,14.7,13.12,13.36,94.7,88.6,86.4,133.2,no recession
1981-04-01,50.8864,5728.013,91283.0,7.2,1360.0,15.72,13.68,13.69,95.7,89.1,87.0,134.4,no recession
1981-05-01,51.1788,5745.595,91296.0,7.5,1140.0,18.52,14.1,16.3,96.0,89.7,87.8,131.7,no recession
1981-06-01,51.4496,5777.617,91490.0,7.5,1045.0,19.1,13.47,14.73,96.5,90.5,88.6,132.3,no recession
1981-07-01,51.7764,5864.382,91601.0,7.2,1041.0,19.04,14.28,14.95,96.7,91.5,89.8,129.1,no recession
1981-08-01,51.7129,5886.997,91565.0,7.4,940.0,17.82,14.94,15.51,96.8,92.2,90.7,129.6,recession
1981-09-01,51.4605,5878.892,91477.0,7.6,911.0,15.87,15.32,14.7,97.2,93.1,91.8,118.3,recession
1981-10-01,51.0625,5857.426,91380.0,7.9,873.0,15.08,15.15,13.54,97.6,93.4,92.1,119.8,recession
1981-11-01,50.473,5864.614,91171.0,8.3,837.0,13.31,13.39,10.86,97.9,93.8,92.5,122.9,recession
1981-12-01,49.9364,5861.21,90895.0,8.5,910.0,12.37,13.72,10.85,98.3,94.1,93.0,123.8,recession
1982-01-01,48.9114,5848.114,90565.0,8.6,843.0,13.22,14.59,12.28,98.9,94.4,93.3,117.3,recession
1982-02-01,49.9102,5872.84,90563.0,8.9,866.0,14.78,14.43,13.48,98.8,94.7,93.8,114.5,recession
1982-03-01,49.5691,5868.612,90434.0,9.0,931.0,14.68,13.86,12.68,98.8,94.7,93.9,110.8,recession
1982-04-01,49.1146,5909.084,90150.0,9.3,917.0,14.94,13.87,12.7,99.0,95.0,94.7,116.3,recession
1982-05-01,48.7805,5908.564,90107.0,9.4,1025.0,14.45,13.62,12.09,99.0,95.9,95.4,116.4,recession
1982-06-01,48.6606,5888.205,89865.0,9.6,902.0,14.15,14.3,12.47,99.8,97.0,96.1,109.7,recession
1982-07-01,48.4863,5888.176,89521.0,9.8,1166.0,12.59,13.95,11.35,100.2,97.5,96.7,109.4,recession
1982-08-01,48.0569,5899.028,89363.0,9.8,1046.0,10.12,13.06,8.68,100.6,97.7,97.1,109.7,recession
1982-09-01,47.9303,5895.812,89183.0,10.1,1144.0,10.31,12.34,7.92,100.7,97.7,97.2,122.4,recession
1982-10-01,47.4738,5891.195,88907.0,10.4,1173.0,9.71,10.91,7.71,101.0,98.1,97.5,132.7,recession
1982-11-01,47.32,5913.084,88786.0,10.8,1372.0,9.2,10.55,8.07,101.4,98.0,97.3,138.1,recession
1982-12-01,46.9813,5942.633,88771.0,10.8,1303.0,8.95,10.54,7.94,101.8,97.7,97.2,139.4,no recession
1983-01-01,47.8523,5934.876,88990.0,10.4,1586.0,8.68,10.46,7.86,101.0,97.9,97.6,144.3,no recession
1983-02-01,47.5667,5938.408,88917.0,10.4,1699.0,8.51,10.72,8.11,101.1,98.0,98.0,146.8,no recession
1983-03-01,47.9599,5966.425,89090.0,10.3,1606.0,8.77,10.51,8.35,101.0,98.1,98.2,151.9,no recession
1983-04-01,48.5564,5970.863,89364.0,10.2,1472.0,8.8,10.4,8.21,101.1,98.8,98.6,157.7,no recession
1983-05-01,48.8647,6001.225,89644.0,10.1,1776.0,8.63,10.38,8.19,101.4,99.2,98.9,164.1,no recession
1983-06-01,49.1558,6009.417,90021.0,10.1,1733.0,8.98,10.85,8.79,101.6,99.4,99.2,166.4,no recession
1983-07-01,49.8873,6026.699,90437.0,9.4,1785.0,9.37,11.38,9.08,101.6,99.8,99.8,167.0,no recession
1983-08-01,50.4843,6018.252,90129.0,9.5,1910.0,9.56,11.85,9.34,101.9,100.1,100.1,162.4,no recession
1983-09-01,51.216,6059.929,91247.0,9.2,1710.0,9.45,11.65,9.0,102.2,100.4,100.5,167.2,no recession
1983-10-01,51.6139,6118.429,91520.0,8.8,1715.0,9.48,11.54,8.64,102.2,100.8,101.0,167.7,no recession
1983-11-01,51.842,6168.024,91875.0,8.5,1785.0,9.34,11.69,8.76,102.0,101.1,101.5,165.2,no recession
1983-12-01,52.0948,6223.391,92230.0,8.3,1688.0,9.47,11.83,9.0,102.3,101.4,101.8,164.4,no recession
1984-01-01,53.1348,6245.624,92673.0,8.0,1897.0,9.56,11.67,8.9,103.0,102.1,102.5,166.4,no recession
1984-02-01,53.3763,6281.817,93157.0,7.8,2260.0,9.59,11.84,9.09,103.4,102.6,102.8,157.3,no recession
1984-03-01,53.6314,6320.089,93429.0,7.8,1663.0,9.91,12.32,9.52,103.8,102.9,103.2,157.4,no recession
1984-04-01,53.9491,6360.969,93792.0,7.7,1851.0,10.29,12.63,9.69,103.9,103.3,103.7,157.6,no recession
1984-05-01,54.2396,6375.454,94098.0,7.4,1774.0,10.32,13.41,9.83,103.8,103.5,104.1,156.6,no recession
1984-06-01,54.4288,6423.367,94479.0,7.2,1843.0,11.06,13.56,9.87,103.8,103.7,104.5,153.1,no recession
1984-07-01,54.5865,6437.956,94789.0,7.5,1732.0,11.23,13.36,10.12,104.0,104.1,105.0,151.1,no recession
1984-08-01,54.653,6479.979,95032.0,7.5,1586.0,11.64,12.72,10.47,103.8,104.4,105.4,164.4,no recession
1984-09-01,54.4949,6529.431,95344.0,7.3,1698.0,11.3,12.52,10.37,103.8,104.7,105.8,166.1,no recession
1984-10-01,54.4772,6510.152,95629.0,7.4,1590.0,9.99,12.16,9.74,103.6,105.1,106.2,164.8,no recession
1984-11-01,54.6594,6544.204,95982.0,7.2,1689.0,9.43,11.57,8.61,104.0,105.3,106.4,166.3,no recession
1984-12-01,54.6892,6588.184,96107.0,7.3,1612.0,8.38,11.5,8.06,104.0,105.5,106.8,164.5,no recession
1985-01-01,54.6505,6580.637,96372.0,7.3,1711.0,8.35,11.38,7.76,104.0,105.7,107.1,171.6,no recession
1985-02-01,54.8169,6585.272,96503.0,7.2,1632.0,8.5,11.51,8.27,104.1,106.3,107.7,180.9,no recession
1985-03-01,54.8978,6612.413,96842.0,7.2,1800.0,8.58,11.86,8.52,104.1,106.8,108.1,179.4,no recession
1985-04-01,54.7833,6599.057,97038.0,7.3,1821.0,8.27,11.43,7.95,104.6,107.0,108.4,180.6,no recession
1985-05-01,54.8704,6612.496,97312.0,7.2,1680.0,7.97,10.85,7.48,104.9,107.2,108.8,184.9,no recession
1985-06-01,54.8401,6635.234,97459.0,7.4,1676.0,7.53,10.16,6.95,104.6,107.5,109.1,188.9,no recession
1985-07-01,54.5582,6644.228,97648.0,7.4,1684.0,7.88,10.31,7.08,104.7,107.7,109.4,192.5,no recession
1985-08-01,54.7381,6643.228,97840.0,7.1,1743.0,7.9,10.33,7.14,104.5,107.9,109.8,188.3,no recession
1985-09-01,54.9416,6672.97,98045.0,7.1,1676.0,7.92,10.37,7.1,103.8,108.1,110.0,184.1,no recession
1985-10-01,54.7538,6704.205,98233.0,7.1,1834.0,7.99,10.24,7.16,104.9,108.5,110.5,186.2,no recession
1985-11-01,54.939,6713.717,98443.0,7.0,1698.0,8.05,9.78,7.24,105.5,109.0,111.1,197.5,no recession
1985-12-01,55.4945,6753.646,98609.0,7.0,1942.0,8.27,9.26,7.1,106.0,109.5,111.4,207.3,no recession
1986-01-01,55.7802,6748.379,98732.0,6.7,1972.0,8.14,9.19,7.07,105.5,109.9,111.9,208.2,no recession
1986-02-01,55.3994,6781.198,98847.0,7.2,1848.0,7.86,8.7,7.06,104.1,109.7,112.2,219.4,no recession
1986-03-01,55.0001,6845.164,98934.0,7.2,1876.0,7.48,7.78,6.56,102.8,109.1,112.5,232.3,no recession
1986-04-01,55.0641,6868.394,99121.0,7.1,1933.0,6.99,7.3,6.06,102.3,108.7,112.9,238.0,no recession
1986-05-01,55.1705,6876.66,99248.0,7.2,1854.0,6.85,7.71,6.15,102.8,109.0,113.1,238.5,no recession
1986-06-01,54.9588,6879.973,99155.0,7.2,1847.0,6.92,7.8,6.21,103.1,109.4,113.4,245.3,no recession
1986-07-01,55.2944,6914.174,99473.0,7.0,1782.0,6.56,7.3,5.83,102.3,109.5,113.8,240.2,no recession
1986-08-01,55.2029,6930.668,99588.0,6.9,1807.0,6.17,7.17,5.53,102.7,109.6,114.2,245.0,no recession
1986-09-01,55.3511,6939.418,99934.0,7.0,1687.0,5.89,7.45,5.21,102.9,110.0,114.6,238.3,no recession
1986-10-01,55.5857,6943.808,100121.0,7.0,1681.0,5.85,7.43,5.18,103.5,110.2,115.0,237.4,no recession
1986-11-01,55.803,6958.128,100308.0,6.9,1623.0,6.04,7.25,5.35,103.4,110.4,115.3,245.1,no recession
1986-12-01,56.3441,6986.532,100509.0,6.6,1833.0,6.91,7.11,5.53,103.6,110.8,115.6,248.6,no recession
1987-01-01,56.1259,6979.565,100678.0,6.6,1774.0,6.43,7.08,5.43,104.1,111.4,115.9,264.5,no recession
1987-02-01,56.8779,7003.502,100919.0,6.6,1784.0,6.1,7.25,5.59,104.4,111.8,116.2,280.9,no recession
1987-03-01,56.9516,7021.974,101164.0,6.6,1726.0,6.13,7.25,5.59,104.5,112.2,116.6,292.5,no recession
1987-04-01,57.3177,7018.7,101499.0,6.3,1614.0,6.37,8.02,5.64,105.1,112.7,117.3,289.3,no recession
1987-05-01,57.6774,7061.896,101728.0,6.3,1628.0,6.85,8.61,5.66,105.2,113.0,117.7,289.1,no recession
1987-06-01,57.9875,7055.724,101900.0,6.2,1594.0,6.73,8.4,5.67,105.5,113.5,117.9,301.4,no recession
1987-07-01,58.379,7079.773,102247.0,6.1,1575.0,6.58,8.45,5.69,105.7,113.8,118.3,310.1,no recession
1987-08-01,58.8171,7116.439,102420.0,6.0,1605.0,6.73,8.76,6.04,105.9,114.3,118.7,329.4,no recession
1987-09-01,59.0391,7121.607,102647.0,5.9,1695.0,7.22,9.42,6.4,106.2,114.7,119.2,318.7,no recession
1987-10-01,59.834,7166.796,103138.0,6.0,1515.0,7.29,9.52,6.13,106.0,115.0,119.8,280.2,no recession
1987-11-01,60.1367,7198.984,103372.0,5.8,1656.0,6.69,8.86,5.69,106.0,115.4,120.1,245.0,no recession
1987-12-01,60.4739,7276.869,103661.0,5.7,1400.0,6.77,8.99,5.77,105.8,115.6,120.4,241.0,no recession
1988-01-01,60.4594,7266.388,103753.0,5.7,1271.0,6.83,8.67,5.81,106.4,116.0,120.9,250.5,no recession
1988-02-01,60.7643,7295.646,104214.0,5.7,1473.0,6.58,8.21,5.66,106.3,116.2,121.2,258.1,no recession
1988-03-01,60.8948,7311.851,104489.0,5.7,1532.0,6.58,8.37,5.7,106.6,116.5,121.7,265.7,no recession
1988-04-01,61.2475,7328.508,104732.0,5.4,1573.0,6.87,8.72,5.91,107.0,117.2,122.3,262.6,no recession
1988-05-01,61.1353,7333.893,104962.0,5.6,1421.0,7.09,9.09,6.26,107.2,117.5,122.7,256.1,no recession
1988-06-01,61.2995,7358.475,105326.0,5.4,1478.0,7.51,8.92,6.46,107.5,118.0,123.2,270.7,no recession
1988-07-01,61.311,7390.521,105550.0,5.4,1467.0,7.75,9.06,6.73,108.4,118.5,123.6,269.1,no recession
1988-08-01,61.6234,7409.197,105674.0,5.6,1493.0,8.01,9.26,7.06,108.8,119.0,124.0,263.7,no recession
1988-09-01,61.4255,7423.142,106013.0,5.4,1492.0,8.19,8.98,7.24,109.0,119.5,124.7,268.0,no recession
1988-10-01,61.694,7464.112,106276.0,5.4,1522.0,8.3,8.8,7.35,109.2,119.9,125.2,277.4,no recession
1988-11-01,61.8494,7466.443,106617.0,5.3,1569.0,8.35,8.96,7.76,109.6,120.3,125.6,271.0,no recession
1988-12-01,62.1171,7505.154,106898.0,5.3,1563.0,8.76,9.11,8.07,110.0,120.7,126.0,276.5,no recession
1989-01-01,62.3103,7574.454,107161.0,5.4,1621.0,9.12,9.09,8.27,111.1,121.2,126.5,285.4,no recession
1989-02-01,62.0353,7597.954,107427.0,5.2,1425.0,9.36,9.17,8.53,111.9,121.6,126.9,294.0,no recession
1989-03-01,62.195,7638.607,107621.0,5.0,1422.0,9.85,9.36,8.82,112.3,122.2,127.4,292.7,no recession
1989-04-01,62.1753,7609.138,107791.0,5.2,1339.0,9.84,9.18,8.65,113.1,123.1,127.8,302.3,no recession
1989-05-01,61.8321,7576.787,107913.0,5.2,1331.0,9.81,8.86,8.43,114.0,123.7,128.3,313.9,no recession
1989-06-01,61.8246,7598.207,108027.0,5.3,1397.0,9.53,8.28,8.15,114.0,124.1,128.8,323.7,no recession
1989-07-01,61.2285,7623.421,108069.0,5.2,1427.0,9.24,8.02,7.88,113.8,124.5,129.2,331.9,no recession
1989-08-01,61.8334,7640.113,108120.0,5.2,1332.0,8.99,8.11,7.9,113.4,124.5,129.5,346.6,no recession
1989-09-01,61.6221,7661.17,108369.0,5.3,1279.0,9.02,8.19,7.75,114.0,124.8,129.9,347.3,no recession
1989-10-01,61.5537,7697.677,108476.0,5.3,1410.0,8.84,8.01,7.64,114.6,125.4,130.6,347.4,no recession
1989-11-01,61.7575,7704.96,108752.0,5.4,1351.0,8.55,7.87,7.69,114.8,125.9,131.1,340.2,no recession
1989-12-01,62.1111,7710.845,108836.0,5.4,1251.0,8.45,7.84,7.63,115.5,126.3,131.6,348.6,no recession
1990-01-01,61.7781,7729.779,109188.0,5.4,1551.0,8.23,8.21,7.64,117.7,127.5,132.1,339.97,no recession
1990-02-01,62.3426,7752.924,109432.0,5.3,1437.0,8.24,8.47,7.74,117.6,128.0,132.7,330.45,no recession
1990-03-01,62.6446,7759.639,109636.0,5.2,1289.0,8.28,8.59,7.9,117.5,128.6,133.5,338.46,no recession
1990-04-01,62.5104,7808.177,109670.0,5.4,1248.0,8.26,8.79,7.77,117.4,128.9,134.0,338.18,no recession
1990-05-01,62.6898,7798.731,109833.0,5.4,1212.0,8.18,8.76,7.74,117.5,129.1,134.4,350.25,no recession
1990-06-01,62.8923,7810.631,109857.0,5.2,1177.0,8.29,8.48,7.73,117.6,129.9,135.1,360.39,no recession
1990-07-01,62.7933,7835.999,109823.0,5.5,1171.0,8.15,8.47,7.62,117.9,130.5,135.8,360.03,no recession
1990-08-01,63.0241,7785.836,109609.0,5.7,1115.0,8.13,8.75,7.45,119.2,131.6,136.6,330.75,recession
1990-09-01,63.0328,7782.07,109521.0,5.9,1110.0,8.2,8.89,7.36,120.7,132.5,137.1,315.41,recession
1990-10-01,62.6466,7717.737,109373.0,5.9,1014.0,8.11,8.72,7.17,121.9,133.4,137.6,307.12,recession
1990-11-01,61.8681,7717.4,109220.0,6.2,1145.0,7.81,8.39,7.06,122.6,133.7,138.0,315.29,recession
1990-12-01,61.4345,7756.286,109172.0,6.3,969.0,7.31,8.08,6.74,122.0,134.2,138.6,328.75,recession
1991-01-01,61.2241,7704.361,109050.0,6.4,798.0,6.91,8.09,6.22,122.6,134.7,139.5,325.49,recession
1991-02-01,60.779,7709.551,108731.0,6.6,965.0,6.25,7.85,5.94,121.8,134.8,140.2,362.26,recession
1991-03-01,60.4377,7720.647,108568.0,6.8,921.0,6.12,8.11,5.91,121.3,134.8,140.5,372.28,recession
1991-04-01,60.5982,7749.985,108351.0,6.7,1001.0,5.91,8.04,5.65,121.3,135.1,140.9,379.68,no recession
1991-05-01,61.2041,7750.995,108249.0,6.9,996.0,5.78,8.07,5.46,121.6,135.6,141.3,377.99,no recession
1991-06-01,61.6923,7791.805,108337.0,6.9,1036.0,5.9,8.28,5.57,121.4,136.0,141.8,378.29,no recession
1991-07-01,61.8569,7774.221,108290.0,6.8,1063.0,5.82,8.27,5.58,121.1,136.2,142.3,380.23,no recession
1991-08-01,61.8681,7789.786,108301.0,6.9,1049.0,5.66,7.9,5.33,121.3,136.6,142.9,389.4,no recession
1991-09-01,62.3855,7814.158,108334.0,6.9,1015.0,5.45,7.65,5.22,121.5,137.0,143.4,387.2,no recession
1991-10-01,62.3229,7824.889,108361.0,7.0,1079.0,5.21,7.53,4.99,121.9,137.2,143.7,386.88,no recession
1991-11-01,62.2427,7838.376,108301.0,7.0,1103.0,4.81,7.42,4.56,122.4,137.8,144.2,385.92,no recession
1991-12-01,61.9705,7905.194,108333.0,7.3,1079.0,4.43,7.09,4.07,122.3,138.2,144.7,388.51,no recession
1992-01-01,61.6471,7944.73,108367.0,7.3,1176.0,4.03,7.03,3.8,122.0,138.3,145.1,416.08,no recession
1992-02-01,62.0794,7984.306,108313.0,7.4,1250.0,4.06,7.34,3.84,122.3,138.6,145.4,412.56,no recession
1992-03-01,62.5955,7997.516,108360.0,7.4,1297.0,3.98,7.54,4.04,122.4,139.1,145.9,407.36,no recession
1992-04-01,63.0726,8027.405,108515.0,7.4,1099.0,3.73,7.48,3.75,122.5,139.4,146.3,407.41,no recession
1992-05-01,63.2761,8070.296,108648.0,7.6,1214.0,3.82,7.39,3.63,122.9,139.7,146.8,414.81,no recession
1992-06-01,63.3102,8104.04,108717.0,7.8,1145.0,3.76,7.26,3.66,123.4,140.1,147.1,408.27,no recession
1992-07-01,63.8769,8097.588,108799.0,7.7,1139.0,3.25,6.84,3.21,123.3,140.5,147.6,415.05,no recession
1992-08-01,63.5221,8128.942,108922.0,7.6,1226.0,3.3,6.59,3.13,123.4,140.8,147.9,417.93,no recession
1992-09-01,63.7217,8097.898,108955.0,7.6,1186.0,3.22,6.42,2.91,123.7,141.1,148.1,418.48,no recession
1992-10-01,64.1556,8058.13,109135.0,7.3,1244.0,3.1,6.59,2.86,124.2,141.7,148.8,412.5,no recession
1992-11-01,64.4144,8075.702,109279.0,7.4,1214.0,3.09,6.87,3.13,124.1,142.1,149.2,422.84,no recession
1992-12-01,64.5161,8370.056,109502.0,7.4,1227.0,2.92,6.77,3.22,124.2,142.3,149.6,435.64,no recession
1993-01-01,64.7738,8139.598,109794.0,7.3,1210.0,3.02,6.6,3.0,124.4,142.8,150.1,435.23,no recession
1993-02-01,65.0805,8177.086,110044.0,7.1,1210.0,3.03,6.26,2.93,124.7,143.1,150.6,441.7,no recession
1993-03-01,65.0176,8155.735,109992.0,7.0,1083.0,3.07,5.98,2.95,125.0,143.3,150.8,450.16,no recession
1993-04-01,65.2041,8217.177,110295.0,7.1,1258.0,2.96,5.97,2.87,125.7,143.8,151.4,443.08,no recession
1993-05-01,64.9433,8215.306,110570.0,7.1,1260.0,3.0,6.04,2.96,125.7,144.2,151.8,445.25,no recession
1993-06-01,65.0984,8205.201,110751.0,7.0,1280.0,3.04,5.96,3.07,125.2,144.3,152.1,448.06,no recession
1993-07-01,65.2554,8231.95,111060.0,6.9,1254.0,3.06,5.81,3.04,125.1,144.5,152.3,447.29,no recession
1993-08-01,65.1946,8249.745,111209.0,6.8,1300.0,3.03,5.68,3.02,123.9,144.8,152.8,454.13,no recession
1993-09-01,65.5282,8231.195,111455.0,6.7,1343.0,3.09,5.36,2.95,124.1,145.0,152.9,459.24,no recession
1993-10-01,66.0152,8196.591,111733.0,6.8,1392.0,2.99,5.33,3.02,124.2,145.6,153.4,463.9,no recession
1993-11-01,66.3292,8217.661,111989.0,6.6,1376.0,3.02,5.72,3.1,124.4,146.0,153.9,462.89,no recession
1993-12-01,66.7038,8503.361,112323.0,6.5,1533.0,2.96,5.77,3.06,124.4,146.3,154.3,465.95,no recession
1994-01-01,66.9164,8335.434,112598.0,6.6,1272.0,3.05,5.75,2.98,124.8,146.3,154.5,472.99,no recession
1994-02-01,66.9642,8343.769,112779.0,6.6,1337.0,3.25,5.97,3.25,125.0,146.7,154.8,471.58,no recession
1994-03-01,67.6335,8366.265,113240.0,6.5,1564.0,3.34,6.48,3.5,125.1,147.1,155.3,463.81,no recession
1994-04-01,68.0334,8444.331,113587.0,6.4,1465.0,3.56,6.97,3.68,125.1,147.2,155.5,447.23,no recession
1994-05-01,68.3531,8461.678,113923.0,6.1,1526.0,4.01,7.18,4.14,125.1,147.5,155.9,450.9,no recession
1994-06-01,68.8002,8450.103,114237.0,6.1,1409.0,4.25,7.1,4.14,125.2,147.9,156.4,454.83,no recession
1994-07-01,68.8863,8464.421,114607.0,6.1,1439.0,4.26,7.3,4.33,125.7,148.4,156.7,451.4,no recession
1994-08-01,69.3412,8476.627,114899.0,6.0,1450.0,4.47,7.24,4.48,126.2,149.0,157.1,464.24,no recession
1994-09-01,69.5574,8513.63,115254.0,5.9,1474.0,4.73,7.46,4.62,125.9,149.3,157.5,466.96,no recession
1994-10-01,70.119,8589.73,115457.0,5.8,1450.0,4.76,7.74,4.95,125.5,149.4,157.8,463.81,no recession
1994-11-01,70.5942,8587.815,115872.0,5.6,1511.0,5.29,7.96,5.29,126.1,149.8,158.2,461.01,no recession
1994-12-01,71.2814,8628.68,116174.0,5.5,1455.0,5.45,7.81,5.6,126.6,150.1,158.3,455.19,no recession
1995-01-01,71.4303,8668.811,116504.0,5.6,1407.0,5.53,7.78,5.71,126.9,150.5,159.0,465.25,no recession
1995-02-01,71.3343,8688.435,116692.0,5.4,1316.0,5.92,7.47,5.77,127.2,150.9,159.4,481.92,no recession
1995-03-01,71.4451,8710.634,116907.0,5.4,1249.0,5.98,7.2,5.73,127.4,151.2,159.9,493.15,no recession
1995-04-01,71.3289,8720.808,117065.0,5.8,1267.0,6.05,7.06,5.65,127.7,151.8,160.4,507.91,no recession
1995-05-01,71.66,8727.672,117050.0,5.6,1314.0,6.01,6.63,5.67,127.8,152.1,160.7,523.81,no recession
1995-06-01,71.8967,8760.049,117285.0,5.6,1281.0,6.0,6.17,5.47,127.8,152.4,161.1,539.35,no recession
1995-07-01,71.5924,8789.866,117377.0,5.7,1461.0,5.85,6.28,5.42,128.0,152.6,161.4,557.37,no recession
1995-08-01,72.5339,8802.869,117639.0,5.7,1416.0,5.74,6.49,5.4,127.9,152.9,161.8,559.11,no recession
1995-09-01,72.8247,8837.197,117880.0,5.6,1369.0,5.8,6.2,5.28,128.1,153.1,162.2,578.77,no recession
1995-10-01,72.713,8850.415,118029.0,5.5,1369.0,5.76,6.04,5.28,128.4,153.5,162.7,582.92,no recession
1995-11-01,72.8884,8879.562,118168.0,5.6,1452.0,5.8,5.93,5.36,128.7,153.7,163.0,595.53,no recession
1995-12-01,73.1429,8896.158,118325.0,5.6,1431.0,5.6,5.71,5.14,129.3,153.9,163.1,614.57,no recession
1996-01-01,72.7471,8926.676,118318.0,5.6,1467.0,5.56,5.65,5.0,129.7,154.7,163.7,614.42,no recession
1996-02-01,73.7871,9001.329,118734.0,5.5,1491.0,5.22,5.81,4.83,129.7,155.0,164.0,649.54,no recession
1996-03-01,73.6749,9033.063,118990.0,5.5,1424.0,5.31,6.27,4.96,130.5,155.5,164.4,647.07,no recession
1996-04-01,74.4153,9057.059,119156.0,5.6,1516.0,5.22,6.51,4.95,130.9,156.1,164.6,647.17,no recession
1996-05-01,74.9718,9096.567,119489.0,5.6,1504.0,5.24,6.74,5.02,130.9,156.4,165.0,661.23,no recession
1996-06-01,75.5317,9157.654,119770.0,5.3,1467.0,5.27,6.91,5.09,131.3,156.7,165.4,668.5,no recession
1996-07-01,75.5323,9139.696,120015.0,5.5,1472.0,5.4,6.87,5.15,131.2,157.0,165.7,644.07,no recession
1996-08-01,75.9129,9169.903,120201.0,5.1,1557.0,5.22,6.64,5.05,131.6,157.2,166.0,662.68,no recession
1996-09-01,76.4032,9196.583,120402.0,5.2,1475.0,5.3,6.83,5.09,131.7,157.7,166.5,674.88,no recession
1996-10-01,76.3931,9198.473,120663.0,5.2,1392.0,5.24,6.53,4.99,132.4,158.2,166.8,701.46,no recession
1996-11-01,77.0672,9228.566,120949.0,5.4,1489.0,5.31,6.2,5.03,132.5,158.7,167.2,735.67,no recession
1996-12-01,77.5543,9265.155,121145.0,5.4,1370.0,5.29,6.3,4.91,132.9,159.1,167.4,743.25,no recession
1997-01-01,77.6945,9319.423,121363.0,5.3,1355.0,5.25,6.58,5.03,133.0,159.4,167.8,766.22,no recession
1997-02-01,78.612,9349.477,121675.0,5.2,1486.0,5.19,6.42,5.01,132.7,159.7,168.1,798.39,no recession
1997-03-01,79.1021,9394.426,121989.0,5.2,1457.0,5.39,6.69,5.14,132.6,159.8,168.4,792.16,no recession
1997-04-01,79.1683,9402.274,122284.0,5.1,1492.0,5.51,6.89,5.16,131.8,159.9,168.9,763.93,no recession
1997-05-01,79.6084,9445.666,122551.0,4.9,1442.0,5.5,6.71,5.05,131.5,159.9,169.2,833.09,no recession
1997-06-01,79.9802,9479.903,122816.0,5.0,1494.0,5.56,6.49,4.93,131.3,160.2,169.4,876.29,no recession
1997-07-01,80.6492,9522.2,123112.0,4.9,1437.0,5.52,6.22,5.05,130.9,160.4,169.7,925.29,no recession
1997-08-01,81.4548,9578.403,123092.0,4.8,1390.0,5.54,6.3,5.14,131.4,160.8,169.8,927.24,no recession
1997-09-01,82.212,9607.353,123577.0,4.9,1546.0,5.54,6.21,4.95,131.6,161.2,170.2,937.02,no recession
1997-10-01,82.9309,9658.026,123924.0,4.7,1520.0,5.5,6.03,4.97,131.9,161.5,170.6,951.16,no recession
1997-11-01,83.5919,9726.892,124229.0,4.6,1510.0,5.52,5.88,5.14,131.6,161.7,170.8,938.92,no recession
1997-12-01,83.9696,9785.812,124551.0,4.7,1566.0,5.5,5.81,5.16,131.4,161.8,171.2,962.37,no recession
1998-01-01,84.3467,9873.266,124813.0,4.6,1525.0,5.56,5.54,5.04,130.7,162.0,171.6,963.36,no recession
1998-02-01,84.4865,9940.962,125019.0,4.6,1584.0,5.51,5.57,5.09,130.6,162.0,171.9,1023.74,no recession
1998-03-01,84.5212,10002.033,125164.0,4.7,1567.0,5.49,5.65,5.03,130.5,162.0,172.2,1076.83,no recession
1998-04-01,84.8275,10039.324,125447.0,4.3,1540.0,5.45,5.64,4.95,130.7,162.2,172.5,1112.2,no recession
1998-05-01,85.3596,10085.552,125847.0,4.4,1536.0,5.49,5.65,5.0,130.5,162.6,172.9,1108.42,no recession
1998-06-01,84.8466,10144.008,126078.0,4.5,1641.0,5.56,5.5,4.98,130.4,162.8,173.2,1108.39,no recession
1998-07-01,84.5061,10162.839,126208.0,4.5,1698.0,5.54,5.46,4.96,130.7,163.2,173.5,1156.58,no recession
1998-08-01,86.2464,10201.936,126547.0,4.5,1614.0,5.55,5.34,4.9,130.4,163.4,174.0,1074.62,no recession
1998-09-01,86.1707,10238.095,126745.0,4.6,1582.0,5.51,4.81,4.61,130.4,163.5,174.2,1020.64,no recession
1998-10-01,86.7671,10258.055,126950.0,4.5,1715.0,5.07,4.53,3.96,130.9,163.9,174.4,1032.47,no recession
1998-11-01,86.6929,10307.997,127224.0,4.4,1660.0,4.83,4.83,4.41,130.8,164.1,174.8,1144.43,no recession
1998-12-01,87.0633,10333.504,127599.0,4.4,1792.0,4.68,4.65,4.39,131.3,164.4,175.4,1190.05,no recession
1999-01-01,87.4252,10373.294,127704.0,4.3,1748.0,4.63,4.72,4.34,131.7,164.7,175.6,1248.77,no recession
1999-02-01,87.926,10417.25,128118.0,4.4,1670.0,4.76,5.0,4.44,131.2,164.7,175.6,1246.58,no recession
1999-03-01,88.1101,10430.593,128234.0,4.2,1710.0,4.81,5.23,4.44,131.5,164.8,175.7,1281.66,no recession
1999-04-01,88.3106,10402.17,128598.0,4.3,1553.0,4.74,5.18,4.29,132.1,165.9,176.3,1334.76,no recession
1999-05-01,88.8487,10427.595,128810.0,4.2,1611.0,4.74,5.54,4.5,132.3,166.0,176.5,1332.07,no recession
1999-06-01,88.7978,10466.837,129088.0,4.3,1559.0,4.76,5.9,4.57,132.4,166.0,176.6,1322.55,no recession
1999-07-01,89.3119,10494.43,129422.0,4.3,1669.0,4.99,5.79,4.55,132.7,166.7,177.1,1380.99,no recession
1999-08-01,89.7109,10544.201,129569.0,4.2,1648.0,5.07,5.94,4.72,133.5,167.1,177.3,1327.49,no recession
1999-09-01,89.3331,10539.991,129781.0,4.2,1635.0,5.22,5.92,4.68,134.5,167.8,177.8,1318.17,no recession
1999-10-01,90.4924,10603.75,130179.0,4.1,1608.0,5.2,6.11,4.86,134.4,168.1,178.1,1300.01,no recession
1999-11-01,90.965,10677.288,130466.0,4.1,1648.0,5.42,6.03,5.07,134.9,168.4,178.4,1391.0,no recession
1999-12-01,91.6804,10764.92,130780.0,4.0,1708.0,5.3,6.28,5.2,135.2,168.8,178.7,1428.68,no recession
2000-01-01,91.6261,10861.073,131009.0,4.0,1636.0,5.45,6.66,5.32,135.2,169.3,179.3,1425.59,no recession
2000-02-01,91.9626,10906.015,131120.0,4.1,1737.0,5.73,6.52,5.55,136.6,170.0,179.4,1388.87,no recession
2000-03-01,92.3118,10936.525,131605.0,4.0,1604.0,5.85,6.26,5.69,137.3,171.0,180.0,1442.21,no recession
2000-04-01,92.8872,10996.136,131884.0,3.8,1626.0,6.02,5.99,5.66,136.9,170.9,180.3,1461.36,no recession
2000-05-01,93.162,11035.828,132106.0,4.0,1575.0,6.27,6.44,5.79,137.0,171.2,180.7,1418.48,no recession
2000-06-01,93.2168,11066.822,132060.0,4.0,1559.0,6.53,6.1,5.69,138.1,172.2,181.1,1461.96,no recession
2000-07-01,93.04,11124.906,132226.0,4.0,1463.0,6.54,6.05,5.96,138.2,172.7,181.5,1473.0,no recession
2000-08-01,92.79,11184.673,132231.0,4.1,1541.0,6.5,5.83,6.09,137.9,172.7,181.9,1485.46,no recession
2000-09-01,93.1547,11193.727,132356.0,3.9,1507.0,6.52,5.8,6.0,139.0,173.6,182.3,1468.05,no recession
2000-10-01,92.8361,11220.903,132352.0,3.9,1549.0,6.51,5.74,6.11,139.5,173.9,182.6,1390.14,no recession
2000-11-01,92.8395,11226.227,132553.0,3.9,1551.0,6.51,5.72,6.17,140.2,174.2,183.1,1378.04,no recession
2000-12-01,92.5334,11250.439,132718.0,3.9,1532.0,6.4,5.24,5.77,140.5,174.6,183.3,1330.93,no recession
2001-01-01,92.0304,11323.538,132698.0,4.2,1600.0,5.98,5.16,5.15,141.7,175.6,183.9,1335.63,no recession
2001-02-01,91.4079,11350.432,132785.0,4.2,1625.0,5.49,5.1,4.88,141.9,176.0,184.4,1305.75,no recession
2001-03-01,91.1751,11387.62,132753.0,4.3,1590.0,5.31,4.89,4.42,141.2,176.1,184.7,1185.85,no recession
2001-04-01,90.8767,11358.418,132456.0,4.4,1649.0,4.8,5.14,3.87,142.0,176.4,185.1,1189.84,recession
2001-05-01,90.375,11324.681,132412.0,4.3,1605.0,4.21,5.39,3.62,142.3,177.3,185.3,1270.37,recession
2001-06-01,89.8626,11307.367,132296.0,4.5,1636.0,3.97,5.28,3.49,141.8,177.7,186.0,1238.71,recession
2001-07-01,89.3288,11305.21,132171.0,4.6,1670.0,3.77,5.24,3.51,140.1,177.4,186.4,1204.45,recession
2001-08-01,89.2201,11288.466,132024.0,4.9,1567.0,3.65,4.97,3.36,140.7,177.4,186.7,1178.5,recession
2001-09-01,88.7478,11293.856,131765.0,5.0,1562.0,3.07,4.73,2.64,141.3,178.1,187.1,1044.64,recession
2001-10-01,88.4755,11270.094,131452.0,5.3,1540.0,2.49,4.57,2.16,139.0,177.6,187.4,1076.59,recession
2001-11-01,87.9631,11274.709,131142.0,5.5,1602.0,2.09,4.65,1.87,138.5,177.5,188.1,1129.68,recession
2001-12-01,87.9329,11291.997,130985.0,5.7,1568.0,1.82,5.09,1.69,138.0,177.4,188.4,1144.93,no recession
2002-01-01,88.5452,11310.671,130852.0,5.7,1698.0,1.73,5.04,1.65,137.7,177.7,188.7,1140.21,no recession
2002-02-01,88.5362,11310.978,130732.0,5.7,1829.0,1.74,4.91,1.72,138.0,178.0,189.1,1100.67,no recession
2002-03-01,89.2097,11303.416,130721.0,5.7,1642.0,1.73,5.28,1.79,138.8,178.5,189.2,1153.79,no recession
2002-04-01,89.6389,11318.158,130617.0,5.9,1592.0,1.75,5.21,1.71,138.7,179.3,189.7,1111.93,no recession
2002-05-01,90.0271,11350.189,130633.0,5.8,1764.0,1.75,5.16,1.73,138.4,179.5,190.0,1079.25,no recession
2002-06-01,90.7645,11378.603,130683.0,5.8,1717.0,1.75,4.93,1.7,138.8,179.6,190.2,1014.02,no recession
2002-07-01,90.7437,11345.251,130583.0,5.8,1655.0,1.73,4.65,1.68,138.6,180.0,190.5,903.59,no recession
2002-08-01,90.6268,11346.165,130587.0,5.7,1633.0,1.74,4.26,1.62,138.7,180.5,191.1,912.55,no recession
2002-09-01,90.7241,11354.349,130498.0,5.7,1804.0,1.75,3.87,1.63,139.2,180.8,191.3,867.81,no recession
2002-10-01,90.4879,11375.991,130621.0,5.7,1648.0,1.75,3.94,1.58,140.0,181.2,191.5,854.63,no recession
2002-11-01,90.9823,11400.204,130618.0,5.9,1753.0,1.34,4.05,1.23,140.0,181.5,191.9,909.93,no recession
2002-12-01,90.4919,11422.32,130470.0,6.0,1788.0,1.24,4.03,1.19,139.7,181.8,192.1,899.18,no recession
2003-01-01,91.2395,11384.713,130579.0,5.8,1853.0,1.24,4.05,1.17,141.1,182.6,192.4,895.84,no recession
2003-02-01,91.3384,11342.643,130443.0,5.9,1629.0,1.26,3.9,1.17,142.7,183.6,192.5,837.03,no recession
2003-03-01,91.069,11362.017,130233.0,5.9,1726.0,1.25,3.81,1.13,144.0,183.9,192.5,846.63,no recession
2003-04-01,90.4913,11415.478,130176.0,6.0,1643.0,1.26,3.96,1.13,142.2,183.2,192.5,890.03,no recession
2003-05-01,90.4697,11504.258,130197.0,6.1,1751.0,1.26,3.57,1.07,141.9,182.9,192.9,935.96,no recession
2003-06-01,90.5899,11544.701,130192.0,6.3,1867.0,1.22,3.33,0.92,142.7,183.1,193.0,988.0,no recession
2003-07-01,91.0614,11556.121,130183.0,6.2,1897.0,1.01,3.98,0.9,142.8,183.7,193.4,992.54,no recession
2003-08-01,90.8452,11575.046,130153.0,6.1,1833.0,1.03,4.45,0.95,143.7,184.5,193.6,989.53,no recession
2003-09-01,91.4453,11592.143,130252.0,6.1,1939.0,1.01,4.27,0.94,144.0,185.1,193.7,1019.44,no recession
2003-10-01,91.5595,11636.646,130439.0,6.0,1967.0,1.01,4.29,0.92,144.8,184.9,194.0,1038.73,no recession
2003-11-01,92.1763,11703.597,130482.0,5.8,2083.0,1.0,4.3,0.93,144.6,185.0,194.0,1049.9,no recession
2003-12-01,92.2532,11707.692,130595.0,5.7,2057.0,0.98,4.27,0.9,145.1,185.5,194.2,1080.64,no recession
2004-01-01,92.4067,11684.568,130765.0,5.7,1911.0,1.0,4.15,0.88,145.9,186.3,194.6,1132.52,no recession
2004-02-01,92.9687,11699.682,130822.0,5.6,1846.0,1.01,4.08,0.93,145.8,186.7,194.9,1143.36,no recession
2004-03-01,92.6,11742.021,131139.0,5.8,1998.0,1.0,3.83,0.94,146.2,187.1,195.5,1123.98,no recession
2004-04-01,92.9761,11780.133,131410.0,5.6,2003.0,1.0,4.35,0.94,147.2,187.4,195.9,1133.36,no recession
2004-05-01,93.6446,11843.426,131694.0,5.6,1981.0,1.0,4.72,1.02,148.4,188.2,196.2,1102.78,no recession
2004-06-01,92.9303,11857.121,131789.0,5.6,1828.0,1.03,4.73,1.27,148.4,188.9,196.6,1132.76,no recession
2004-07-01,93.6109,11901.852,131849.0,5.5,2002.0,1.26,4.5,1.33,148.2,189.1,196.8,1105.85,no recession
2004-08-01,93.6958,11952.18,131936.0,5.4,2024.0,1.43,4.28,1.48,148.6,189.2,196.9,1088.94,no recession
2004-09-01,93.7958,11970.187,132082.0,5.4,1905.0,1.61,4.13,1.65,148.8,189.8,197.5,1117.66,no recession
2004-10-01,94.6226,11979.811,132433.0,5.5,2072.0,1.76,4.1,1.76,151.2,190.8,197.9,1117.21,no recession
2004-11-01,94.8491,11952.449,132509.0,5.4,1782.0,1.93,4.19,2.07,152.1,191.7,198.3,1168.94,no recession
2004-12-01,95.5841,12360.044,132633.0,5.4,2042.0,2.16,4.23,2.19,151.4,191.7,198.6,1199.21,no recession
2005-01-01,95.9285,12030.309,132778.0,5.3,2144.0,2.28,4.22,2.33,151.9,191.6,199.0,1181.41,no recession
2005-02-01,96.6287,12043.195,133033.0,5.4,2207.0,2.5,4.17,2.54,152.7,192.4,199.4,1199.63,no recession
2005-03-01,96.4907,12085.855,133153.0,5.2,1864.0,2.63,4.5,2.74,153.7,193.1,200.1,1194.9,no recession
2005-04-01,96.6809,12127.668,133516.0,5.2,2061.0,2.79,4.34,2.78,154.2,193.7,200.2,1164.43,no recession
2005-05-01,96.7925,12183.116,133687.0,5.1,2025.0,3.0,4.14,2.84,153.9,193.6,200.5,1178.28,no recession
2005-06-01,97.19,12217.881,133940.0,5.0,2068.0,3.04,4.0,2.97,153.9,193.7,200.6,1202.25,no recession
2005-07-01,96.8981,12239.59,134297.0,5.0,2054.0,3.26,4.18,3.22,155.0,194.9,200.9,1222.24,no recession
2005-08-01,97.2223,12261.516,134495.0,4.9,2095.0,3.5,4.26,3.44,156.3,196.1,201.1,1224.27,no recession
2005-09-01,95.3463,12219.45,134551.0,5.0,2151.0,3.62,4.2,3.42,158.8,198.8,201.3,1225.92,no recession
2005-10-01,96.4981,12284.88,134644.0,5.0,2065.0,3.78,4.46,3.71,160.5,199.1,202.0,1191.96,no recession
2005-11-01,97.5646,12365.114,135001.0,5.0,2147.0,4.0,4.54,3.88,158.7,198.1,202.5,1237.37,no recession
2005-12-01,98.0222,12413.233,135161.0,4.9,1994.0,4.16,4.47,3.89,159.6,198.1,202.8,1262.07,no recession
2006-01-01,98.2044,12574.008,135425.0,4.7,2273.0,4.29,4.42,4.24,160.5,199.3,203.2,1278.73,no recession
2006-02-01,98.2404,12645.305,135731.0,4.8,2119.0,4.49,4.57,4.43,158.7,199.4,203.6,1276.65,no recession
2006-03-01,98.4742,12701.207,136040.0,4.7,1969.0,4.59,4.72,4.51,159.3,199.7,204.3,1293.74,no recession
2006-04-01,98.7765,12705.491,136211.0,4.7,1821.0,4.79,4.99,4.6,160.6,200.7,204.8,1302.17,no recession
2006-05-01,98.7884,12695.255,136247.0,4.6,1942.0,4.94,5.11,4.72,160.6,201.3,205.4,1290.01,no recession
2006-06-01,99.1069,12712.012,136328.0,4.6,1802.0,4.99,5.11,4.79,161.4,201.8,205.9,1253.17,no recession
2006-07-01,99.0357,12704.463,136522.0,4.7,1737.0,5.24,5.09,4.95,161.0,202.9,206.3,1260.24,no recession
2006-08-01,99.4583,12695.144,136688.0,4.7,1650.0,5.25,4.88,4.96,162.1,203.8,206.8,1287.15,no recession
2006-09-01,99.2544,12772.499,136824.0,4.5,1720.0,5.25,4.72,4.81,160.2,202.8,207.2,1317.74,no recession
2006-10-01,99.1514,12843.406,136848.0,4.4,1491.0,5.25,4.73,4.92,158.7,201.9,207.6,1363.38,no recession
2006-11-01,99.0974,12909.172,137069.0,4.5,1570.0,5.25,4.6,4.94,160.0,202.0,207.8,1388.64,no recession
2006-12-01,100.1117,12984.234,137253.0,4.4,1649.0,5.24,4.56,4.85,161.1,203.1,208.1,1416.42,no recession
2007-01-01,99.7226,13006.171,137476.0,4.6,1409.0,5.25,4.76,4.98,160.9,203.437,208.6,1424.16,no recession
2007-02-01,100.6919,13061.098,137554.0,4.5,1480.0,5.26,4.72,5.03,162.7,204.226,209.135,1444.8,no recession
2007-03-01,100.8857,13108.154,137781.0,4.4,1495.0,5.26,4.56,4.94,164.1,205.288,209.418,1406.95,no recession
2007-04-01,101.5777,13127.29,137843.0,4.5,1490.0,5.25,4.69,4.87,165.3,205.904,209.747,1463.64,no recession
2007-05-01,101.6481,13132.722,137993.0,4.4,1415.0,5.25,4.75,4.73,166.0,206.755,210.058,1511.14,no recession
2007-06-01,101.6741,13126.842,138072.0,4.6,1448.0,5.25,5.1,4.61,166.1,207.234,210.392,1514.19,no recession
2007-07-01,101.5627,13135.377,138042.0,4.7,1354.0,5.26,5.0,4.82,167.2,207.603,210.773,1520.71,no recession
2007-08-01,101.7751,13136.139,138017.0,4.6,1330.0,5.02,4.67,4.2,166.0,207.667,211.119,1454.62,no recession
2007-09-01,102.0279,13156.905,138103.0,4.7,1183.0,4.94,4.52,3.89,167.6,208.547,211.554,1497.12,no recession
2007-10-01,101.7289,13145.838,138174.0,4.7,1264.0,4.76,4.53,3.9,169.3,209.19,212.077,1539.66,no recession
2007-11-01,102.3185,13135.917,138292.0,4.7,1197.0,4.49,4.15,3.27,172.4,210.834,212.66,1463.39,no recession
2007-12-01,102.3074,13183.731,138398.0,5.0,1037.0,4.24,4.1,3.0,171.7,211.445,213.168,1479.22,no recession
2008-01-01,102.1686,13184.557,138399.0,5.0,1084.0,3.94,3.74,2.75,173.3,212.174,213.771,1378.76,recession
2008-02-01,101.7673,13188.11,138323.0,4.9,1103.0,2.98,3.74,2.12,173.9,212.687,213.939,1354.87,recession
2008-03-01,101.3986,13197.539,138255.0,5.1,1005.0,2.61,3.51,1.26,175.4,213.448,214.42,1316.94,recession
2008-04-01,100.7238,13158.395,138038.0,5.0,1013.0,2.28,3.68,1.29,175.9,213.942,214.56,1370.47,recession
2008-05-01,100.1399,13711.039,137847.0,5.4,973.0,1.98,3.88,1.73,178.4,215.208,214.936,1403.22,recession
2008-06-01,99.9141,13379.664,137689.0,5.6,1046.0,2.0,4.1,1.86,181.2,217.463,215.424,1341.25,recession
2008-07-01,99.4943,13161.127,137492.0,5.8,923.0,2.01,4.01,1.63,183.4,219.016,215.965,1257.33,recession
2008-08-01,97.9367,13075.823,137209.0,6.1,844.0,2.0,3.89,1.72,182.0,218.69,216.393,1281.47,recession
2008-09-01,93.6585,13082.697,136758.0,6.1,820.0,1.81,3.69,1.13,182.7,218.877,216.713,1216.95,recession
2008-10-01,94.5845,13169.564,136294.0,6.5,777.0,0.97,3.81,0.67,178.3,216.995,216.788,968.8,recession
2008-11-01,93.3455,13260.343,135546.0,6.8,652.0,0.39,3.53,0.19,172.9,213.153,216.947,883.04,recession
2008-12-01,90.7183,13170.803,134849.0,7.3,560.0,0.16,2.42,0.03,169.7,211.398,216.925,877.56,recession
2009-01-01,88.4683,13042.104,134069.0,7.8,490.0,0.15,2.52,0.13,170.8,211.933,217.346,865.58,recession
2009-02-01,87.936,12886.18,133311.0,8.3,582.0,0.22,2.87,0.3,170.6,212.705,217.792,805.23,recession
2009-03-01,86.5503,12848.892,132493.0,8.7,505.0,0.18,2.82,0.21,169.1,212.495,218.253,757.13,recession
2009-04-01,85.8598,12871.559,131825.0,9.0,478.0,0.15,2.93,0.16,170.0,212.709,218.706,848.15,recession
2009-05-01,84.9991,13036.5,131470.0,9.4,540.0,0.18,3.29,0.18,170.3,213.022,218.904,902.41,recession
2009-06-01,84.7277,12812.914,131002.0,9.5,585.0,0.21,3.72,0.18,173.5,214.79,219.112,926.12,recession
2009-07-01,85.7091,12765.298,130661.0,9.5,594.0,0.16,3.56,0.18,171.5,214.726,219.263,935.82,no recession
2009-08-01,86.6333,12742.72,130480.0,9.6,586.0,0.16,3.59,0.17,173.9,215.445,219.496,1009.73,no recession
2009-09-01,87.3615,12775.489,130240.0,9.8,585.0,0.15,3.4,0.12,173.5,215.861,219.92,1044.55,no recession
2009-10-01,87.5488,12736.508,130062.0,10.0,534.0,0.12,3.39,0.07,174.3,216.509,220.501,1067.66,no recession
2009-11-01,87.9144,12771.458,130059.0,9.9,588.0,0.12,3.4,0.05,176.6,217.234,220.666,1088.07,no recession
2009-12-01,88.2318,12831.88,129808.0,9.9,581.0,0.12,3.59,0.05,177.1,217.347,220.881,1110.38,no recession
2010-01-01,89.1936,12896.559,129798.0,9.8,614.0,0.11,3.73,0.06,178.9,217.488,220.633,1123.58,no recession
2010-02-01,89.5089,12901.993,129700.0,9.8,604.0,0.13,3.69,0.11,177.7,217.281,220.731,1089.16,no recession
2010-03-01,90.1449,12950.955,129864.0,9.9,636.0,0.16,3.73,0.15,178.9,217.353,220.783,1152.05,no recession
2010-04-01,90.474,13056.69,130115.0,9.9,687.0,0.2,3.85,0.16,178.9,217.403,220.822,1197.32,no recession
2010-05-01,91.7131,13159.251,130645.0,9.6,583.0,0.2,3.42,0.16,178.9,217.29,220.962,1125.06,no recession
2010-06-01,91.9287,13175.393,130501.0,9.4,536.0,0.18,3.2,0.12,178.3,217.199,221.194,1083.36,no recession
2010-07-01,92.2737,13210.27,130420.0,9.4,546.0,0.18,3.01,0.16,178.5,217.605,221.363,1079.8,no recession
2010-08-01,92.615,13263.082,130424.0,9.5,599.0,0.19,2.7,0.16,179.5,217.923,221.509,1087.28,no recession
2010-09-01,92.8668,13272.55,130339.0,9.5,594.0,0.19,2.65,0.15,180.1,218.275,221.711,1122.08,no recession
2010-10-01,92.6138,13281.308,130620.0,9.4,543.0,0.19,2.54,0.13,181.6,219.035,221.83,1171.58,no recession
2010-11-01,92.6772,13296.74,130754.0,9.8,545.0,0.19,2.76,0.14,182.4,219.59,222.149,1198.89,no recession
2010-12-01,93.5741,13376.431,130835.0,9.3,539.0,0.18,3.29,0.14,184.0,220.472,222.343,1241.53,no recession
2011-01-01,93.3793,13548.864,130842.0,9.1,630.0,0.17,3.39,0.15,185.4,221.187,222.803,1282.62,no recession
2011-02-01,93.0051,13586.621,131052.0,9.0,517.0,0.16,3.58,0.13,187.4,221.898,223.213,1321.12,no recession
2011-03-01,93.978,13553.718,131277.0,9.0,600.0,0.14,3.41,0.1,188.8,223.046,223.454,1304.49,no recession
2011-04-01,93.6525,13530.436,131604.0,9.1,554.0,0.1,3.46,0.06,190.5,224.093,223.727,1331.51,no recession
2011-05-01,93.7878,13513.331,131704.0,9.0,561.0,0.09,3.17,0.04,191.5,224.806,224.175,1338.31,no recession
2011-06-01,94.0378,13569.654,131936.0,9.1,608.0,0.09,3.0,0.04,190.8,224.806,224.697,1287.29,no recession
2011-07-01,94.5146,13622.766,131991.0,9.0,623.0,0.07,3.0,0.04,191.6,225.395,225.218,1325.19,no recession
2011-08-01,95.1263,13613.4,132124.0,9.0,585.0,0.1,2.3,0.02,191.1,226.106,225.862,1185.31,no recession
2011-09-01,95.0732,13595.905,132345.0,9.0,650.0,0.08,1.98,0.01,192.8,226.597,226.118,1173.88,no recession
2011-10-01,95.7291,13603.839,132557.0,8.8,610.0,0.07,2.15,0.02,192.4,226.75,226.506,1207.22,no recession
2011-11-01,95.7455,13593.654,132701.0,8.6,711.0,0.08,2.01,0.01,192.9,227.169,226.899,1226.42,no recession
2011-12-01,96.2147,13721.817,132901.0,8.5,694.0,0.07,1.98,0.01,192.7,227.223,227.405,1243.32,no recession
2012-01-01,96.8051,13776.848,133246.0,8.3,723.0,0.08,1.97,0.03,193.4,227.842,227.877,1300.58,no recession
2012-02-01,97.1033,13861.163,133518.0,8.3,704.0,0.1,1.97,0.09,193.9,228.329,228.034,1352.49,no recession
2012-03-01,96.5973,13913.971,133744.0,8.2,695.0,0.13,2.17,0.08,194.1,228.807,228.478,1389.24,no recession
2012-04-01,97.3006,13973.636,133827.0,8.2,753.0,0.14,2.05,0.08,194.0,229.187,228.905,1386.43,no recession
2012-05-01,97.5046,13978.969,133935.0,8.2,708.0,0.16,1.8,0.09,192.9,228.713,229.224,1341.27,no recession
2012-06-01,97.4903,13979.492,134007.0,8.2,757.0,0.16,1.62,0.09,192.1,228.524,229.623,1323.48,no recession
2012-07-01,97.7234,13896.051,134153.0,8.2,740.0,0.16,1.53,0.1,192.4,228.59,229.97,1359.78,no recession
2012-08-01,97.313,13869.443,134330.0,8.1,754.0,0.13,1.68,0.1,194.7,229.918,230.233,1403.45,no recession
2012-09-01,97.2405,13975.225,134512.0,7.8,847.0,0.14,1.72,0.11,196.5,231.015,230.659,1443.42,no recession
2012-10-01,97.561,14069.32,134671.0,7.8,915.0,0.16,1.75,0.1,196.7,231.638,231.024,1437.82,no recession
2012-11-01,97.9589,14259.576,134834.0,7.7,833.0,0.16,1.65,0.09,195.7,231.249,231.33,1394.51,no recession
2012-12-01,98.2061,14610.104,135075.0,7.9,976.0,0.16,1.72,0.07,195.3,231.221,231.725,1422.29,no recession
2013-01-01,98.199,13887.401,135265.0,8.0,888.0,0.14,1.91,0.07,196.4,231.679,232.229,1480.4,no recession
2013-02-01,98.6835,13855.25,135544.0,7.7,962.0,0.15,1.98,0.1,197.6,232.937,232.569,1512.31,no recession
2013-03-01,99.0994,13904.124,135689.0,7.5,1010.0,0.14,1.96,0.09,196.5,232.282,232.794,1550.83,no recession
2013-04-01,98.9898,13957.849,135876.0,7.6,835.0,0.15,1.76,0.06,195.3,231.797,232.832,1570.7,no recession
2013-05-01,99.0782,14026.743,136091.0,7.5,930.0,0.11,1.93,0.04,196.1,231.893,232.996,1639.84,no recession
2013-06-01,99.2141,14028.535,136269.0,7.5,839.0,0.09,2.3,0.05,196.2,232.445,233.35,1618.77,no recession
2013-07-01,98.9132,14001.477,136391.0,7.3,880.0,0.09,2.58,0.04,196.0,232.9,233.88,1668.68,no recession
2013-08-01,99.4891,14028.243,136635.0,7.2,917.0,0.08,2.74,0.04,197.0,233.456,234.336,1670.09,no recession
2013-09-01,100.0172,14082.895,136819.0,7.2,850.0,0.08,2.81,0.02,196.5,233.544,234.7,1687.17,no recession
2013-10-01,99.9038,14048.788,137039.0,7.2,925.0,0.09,2.62,0.05,196.9,233.669,234.921,1720.03,no recession
2013-11-01,100.1479,14092.57,137314.0,6.9,1100.0,0.08,2.72,0.07,197.5,234.1,235.359,1783.54,no recession
2013-12-01,100.3576,14131.172,137368.0,6.7,1002.0,0.09,2.9,0.07,198.3,234.719,235.759,1807.78,no recession
2014-01-01,99.9828,14206.305,137552.0,6.6,888.0,0.07,2.86,0.04,199.8,235.288,235.961,1822.36,no recession
2014-02-01,100.7485,14286.139,137707.0,6.7,944.0,0.07,2.71,0.05,200.2,235.547,236.185,1817.04,no recession
2014-03-01,101.7391,14360.058,137986.0,6.7,970.0,0.08,2.72,0.05,200.8,236.028,236.625,1863.52,no recession
2014-04-01,101.8023,14405.213,138298.0,6.2,1043.0,0.09,2.71,0.03,201.7,236.468,237.072,1864.26,no recession
2014-05-01,102.2116,14450.616,138501.0,6.3,1007.0,0.09,2.56,0.03,201.0,236.918,237.529,1889.77,no recession
2014-06-01,102.5637,14510.863,138833.0,6.1,911.0,0.1,2.6,0.04,201.5,237.231,237.837,1947.09,no recession
2014-07-01,102.8425,14562.405,139076.0,6.2,1085.0,0.09,2.54,0.03,201.5,237.498,238.195,1973.1,no recession
2014-08-01,102.6499,14640.391,139258.0,6.1,984.0,0.09,2.42,0.03,201.4,237.46,238.405,1961.53,no recession
2014-09-01,102.9647,14695.291,139563.0,5.9,1023.0,0.09,2.53,0.02,200.8,237.477,238.786,1993.23,no recession
2014-10-01,102.9704,14764.113,139805.0,5.7,1074.0,0.09,2.3,0.02,200.2,237.43,239.191,1937.27,no recession
2014-11-01,103.6017,14844.961,140089.0,5.8,1001.0,0.09,2.33,0.02,199.5,236.983,239.458,2044.57,no recession
2014-12-01,103.592,14943.794,140366.0,5.6,1073.0,0.12,2.21,0.03,196.8,236.252,239.584,2054.27,no recession
2015-01-01,102.798,15072.911,140562.0,5.7,1085.0,0.11,1.88,0.03,193.3,234.747,239.811,2028.18,no recession
2015-02-01,102.1554,15126.858,140829.0,5.5,886.0,0.11,1.98,0.02,193.5,235.342,240.172,2082.2,no recession
2015-03-01,101.8077,15095.985,140924.0,5.4,960.0,0.11,2.04,0.03,194.2,235.976,240.755,2079.99,no recession
2015-04-01,101.2285,15140.893,141202.0,5.4,1190.0,0.12,1.94,0.02,192.9,236.222,241.346,2094.86,no recession
2015-05-01,100.7536,15171.872,141540.0,5.6,1079.0,0.12,2.2,0.02,195.1,237.001,241.688,2111.94,no recession
2015-06-01,100.4529,15178.053,141695.0,5.3,1205.0,0.13,2.36,0.02,196.2,237.657,242.064,2099.29,no recession
2015-07-01,101.11,15204.327,141989.0,5.2,1146.0,0.13,2.32,0.03,196.0,238.034,242.565,2094.14,no recession
2015-08-01,100.8802,15236.666,142130.0,5.1,1130.0,0.14,2.17,0.07,195.3,238.033,242.817,2039.87,no recession
2015-09-01,100.608,15279.719,142265.0,5.0,1224.0,0.14,2.17,0.02,192.9,237.498,243.316,1945.41,no recession
2015-10-01,100.151,15320.816,142585.0,5.0,1058.0,0.12,2.07,0.02,192.4,237.733,243.768,2071.18,no recession
2015-11-01,99.3817,15319.814,142810.0,5.1,1172.0,0.12,2.26,0.12,192.6,238.017,244.241,2080.62,no recession
2015-12-01,98.8572,15385.188,143083.0,5.0,1146.0,0.24,2.24,0.23,191.3,237.761,244.547,2054.08,no recession
2016-01-01,99.4086,15397.111,143198.0,4.8,1092.0,0.34,2.09,0.26,190.8,237.652,244.955,1918.6,no recession
2016-02-01,98.8946,15406.809,143410.0,4.9,1225.0,0.38,1.78,0.31,189.4,237.336,245.51,1903.03,no recession
2016-03-01,98.1385,15406.989,143666.0,5.0,1111.0,0.36,1.89,0.29,189.8,238.08,245.913,2021.95,no recession
2016-04-01,98.4364,15385.935,143856.0,5.1,1163.0,0.37,1.81,0.23,190.4,238.992,246.551,2075.54,no recession
2016-05-01,98.2096,15382.189,143901.0,4.8,1148.0,0.37,1.81,0.27,191.1,239.557,247.137,2065.55,no recession
2016-06-01,98.6766,15395.378,144152.0,4.9,1203.0,0.38,1.64,0.27,192.4,240.222,247.54,2083.89,no recession
2016-07-01,98.8371,15453.228,144515.0,4.8,1239.0,0.39,1.5,0.3,192.4,240.101,247.829,2148.9,no recession
2016-08-01,98.7302,15466.08,144664.0,4.9,1171.0,0.4,1.56,0.3,191.8,240.545,248.423,2177.48,no recession
2016-09-01,98.6287,15501.21,144961.0,5.0,1068.0,0.4,1.63,0.29,192.6,241.176,248.842,2157.69,no recession
2016-10-01,98.7126,15521.629,145069.0,4.9,1313.0,0.4,1.76,0.33,193.7,241.741,249.142,2143.02,no recession
2016-11-01,98.3004,15556.527,145189.0,4.7,1140.0,0.41,2.14,0.45,193.3,242.026,249.481,2164.99,no recession
2016-12-01,98.9063,15591.825,145408.0,4.7,1252.0,0.54,2.49,0.51,195.0,242.637,249.92,2246.63,no recession
2017-01-01,98.7349,15643.273,145639.0,4.7,1190.0,0.65,2.43,0.51,196.6,243.618,250.467,2275.12,no recession
2017-02-01,98.4178,15683.898,145845.0,4.6,1271.0,0.66,2.42,0.52,197.2,244.006,250.998,2329.91,no recession
2017-03-01,99.0726,15741.393,145975.0,4.4,1190.0,0.79,2.48,0.74,197.1,243.892,250.944,2345.96,no recession
2017-04-01,100.0545,15761.81,146172.0,4.4,1146.0,0.9,2.3,0.8,198.1,244.193,251.227,2359.31,no recession
2017-05-01,100.139,15857.559,146389.0,4.4,1157.0,0.91,2.3,0.89,196.1,244.004,251.43,2395.35,no recession
2017-06-01,100.3148,15868.289,146588.0,4.3,1249.0,1.04,2.19,0.98,196.2,244.163,251.746,2433.99,no recession
2017-07-01,100.1418,15918.064,146772.0,4.3,1206.0,1.15,2.32,1.07,196.3,244.243,251.985,2454.1,no recession
2017-08-01,99.6878,15936.854,146907.0,4.4,1159.0,1.16,2.21,1.01,197.4,245.183,252.535,2456.22,no recession
2017-09-01,99.7829,15971.629,146999.0,4.3,1181.0,1.15,2.2,1.03,199.0,246.435,252.812,2492.84,no recession
2017-10-01,101.0401,16022.009,147147.0,4.2,1257.0,1.15,2.36,1.07,199.6,246.626,253.526,2557.0,no recession
2017-11-01,101.226,16051.121,147377.0,4.2,1273.0,1.16,2.35,1.23,201.3,247.284,253.816,2593.61,no recession
2017-12-01,101.3878,16080.025,147521.0,4.1,1177.0,1.3,2.4,1.32,201.8,247.805,254.344,2664.34,no recession
2018-01-01,101.345,16108.903,147670.0,4.0,1301.0,1.41,2.58,1.41,202.2,248.743,255.072,2789.8,no recession
2018-02-01,101.7068,16124.582,148058.0,4.1,1279.0,1.42,2.86,1.57,202.8,249.439,255.568,2705.16,no recession
2018-03-01,102.2785,16159.257,148281.0,4.0,1324.0,1.51,2.84,1.7,202.9,249.581,256.128,2702.77,no recession
2018-04-01,103.434,16180.231,148426.0,4.0,1286.0,1.69,2.87,1.76,202.8,250.146,256.603,2653.63,no recession
2018-05-01,102.4735,16218.77,148755.0,3.8,1358.0,1.7,2.98,1.86,203.7,250.779,257.151,2701.49,no recession
2018-06-01,103.2508,16278.092,148966.0,4.0,1199.0,1.82,2.91,1.9,204.0,251.118,257.449,2754.35,no recession
2018-07-01,103.4588,16357.403,149022.0,3.8,1199.0,1.91,2.89,1.96,204.4,251.323,257.848,2793.64,no recession
2018-08-01,104.1802,16420.727,149272.0,3.8,1289.0,1.91,2.89,2.03,204.7,251.749,258.028,2857.82,no recession
2018-09-01,104.1665,16416.24,149361.0,3.7,1247.0,1.95,3.0,2.13,205.2,252.239,258.505,2901.5,no recession
2018-10-01,104.0476,16451.765,149526.0,3.8,1220.0,2.19,3.15,2.25,207.0,252.862,258.997,2785.46,no recession
2018-11-01,103.9603,16496.319,149622.0,3.8,1177.0,2.2,3.12,2.33,205.1,252.657,259.455,2723.23,no recession
2018-12-01,103.869,16690.32,149805.0,3.9,1089.0,2.27,2.83,2.37,204.2,252.551,259.934,2567.31,no recession
2019-01-01,103.2684,16750.527,150114.0,4.0,1232.0,2.4,2.71,2.37,202.7,252.47,260.534,2607.39,no recession
2019-02-01,102.8157,16810.943,150092.0,3.8,1129.0,2.4,2.68,2.39,203.7,253.135,260.885,2754.86,no recession
2019-03-01,102.9,16842.909,150320.0,3.8,1200.0,2.41,2.57,2.4,205.4,254.273,261.382,2803.98,no recession
2019-04-01,102.3826,16829.591,150563.0,3.6,1280.0,2.42,2.53,2.38,207.0,255.163,261.958,2903.8,no recession
2019-05-01,102.5756,16840.201,150630.0,3.7,1308.0,2.39,2.4,2.35,206.4,255.325,262.321,2854.71,no recession
2019-06-01,102.5928,16863.677,150797.0,3.6,1235.0,2.38,2.07,2.17,205.4,255.361,262.945,2890.17,no recession
2019-07-01,102.2012,16870.383,150879.0,3.7,1232.0,2.4,2.06,2.1,205.9,255.9,263.491,2996.11,no recession
2019-08-01,102.9086,16952.891,151111.0,3.7,1370.0,2.13,1.63,1.95,205.4,256.179,264.135,2897.5,no recession
2019-09-01,102.579,16988.546,151318.0,3.5,1297.0,2.04,1.7,1.89,205.2,256.596,264.588,2982.16,no recession
2019-10-01,101.7775,17018.112,151447.0,3.6,1328.0,1.83,1.71,1.65,206.6,257.305,265.019,2977.68,no recession
2019-11-01,102.0979,17090.933,151662.0,3.6,1343.0,1.55,1.81,1.54,207.1,257.788,265.461,3104.9,no recession
2019-12-01,101.7632,17026.766,151764.0,3.6,1538.0,1.55,1.86,1.54,208.0,258.263,265.742,3176.75,no recession
2020-01-01,101.303,17184.54,152098.0,3.5,1569.0,1.55,1.76,1.52,207.9,258.682,266.418,3278.2,no recession
2020-02-01,101.7038,17283.696,152371.0,3.5,1571.0,1.58,1.5,1.52,206.5,259.007,267.083,3277.31,no recession
2020-03-01,97.8746,16998.827,150944.0,4.4,1270.0,0.65,0.87,0.29,202.1,258.165,266.916,2652.39,recession
2020-04-01,84.959,19095.474,130430.0,14.7,938.0,0.05,0.66,0.14,196.4,256.094,265.771,2761.98,recession
2020-05-01,86.3345,18319.953,133055.0,13.2,1055.0,0.05,0.67,0.13,200.2,255.944,265.606,2919.62,no recession
2020-06-01,91.7523,18214.019,137620.0,11.0,1269.0,0.08,0.73,0.16,201.0,257.217,266.088,3104.66,no recession
2020-07-01,95.2439,18347.828,139064.0,10.2,1510.0,0.09,0.62,0.13,202.1,258.543,267.552,3207.62,no recession
2020-08-01,96.1173,17747.977,140799.0,8.4,1376.0,0.1,0.65,0.1,202.4,259.58,268.662,3391.71,no recession
2020-09-01,96.0711,17834.11,141760.0,7.9,1461.0,0.09,0.68,0.11,202.9,260.19,269.152,3365.52,no recession
2020-10-01,96.825,17805.007,142479.0,6.9,1530.0,0.09,0.79,0.1,204.1,260.352,269.332,3418.7,no recession
2020-11-01,97.1183,17634.898,142743.0,6.7,1541.0,0.09,0.87,0.09,204.3,260.721,269.816,3548.99,no recession
2020-12-01,98.138,17672.487,142475.0,6.7,1651.0,0.09,0.93,0.09,206.0,261.564,269.984,3695.31,no recession
2021-01-01,99.2645,19297.189,142969.0,6.3,1602.0,0.09,1.08,0.08,208.7,262.2,270.114,3793.75,no recession
2021-02-01,96.2231,17872.892,143544.0,6.2,1430.0,0.08,1.26,0.04,211.8,263.346,270.522,3883.43,no recession
2021-03-01,98.8621,21448.063,144328.0,6.1,1711.0,0.07,1.61,0.03,213.9,265.028,271.347,3910.51,no recession
2021-04-01,99.0246,18540.985,144614.0,6.1,1505.0,0.07,1.64,0.02,215.1,266.727,273.669,4141.18,no recession
2021-05-01,99.7785,18088.743,145096.0,5.8,1605.0,0.06,1.62,0.02,217.0,268.599,275.715,4167.85,no recession
2021-06-01,100.1923,18014.269,145789.0,5.9,1664.0,0.08,1.52,0.04,219.9,270.955,277.922,4238.49,no recession
2021-07-01,100.8724,18125.726,146558.0,5.4,1573.0,0.1,1.32,0.05,221.41,272.184,278.794,4363.71,no recession
2021-08-01,100.837,18105.455,147221.0,5.2,1576.0,0.09,1.28,0.05,223.698,273.092,279.306,4454.21,no recession
2021-09-01,99.8498,17900.928,147778.0,4.8,1559.0,0.08,1.37,0.04,226.959,274.214,280.017,4445.54,no recession
2021-10-01,101.3602,17937.674,148559.0,4.5,1563.0,0.08,1.58,0.05,230.088,276.59,281.705,4460.71,no recession
2021-11-01,101.961,17915.906,149173.0,4.2,1706.0,0.08,1.56,0.05,231.921,278.524,283.179,4667.39,no recession
2021-12-01,101.7587,17869.887,149742.0,3.9,1768.0,0.08,1.47,0.06,232.047,280.126,284.77,4674.77,no recession
2022-01-01,102.146,17749.994,150106.0,4.0,1666.0,0.08,1.76,0.15,235.756,281.933,286.431,4573.82,no recession
2022-02-01,102.8987,17739.931,151010.0,3.8,1777.0,0.08,1.93,0.33,241.634,284.182,287.878,4435.98,no recession
2022-03-01,103.5717,17667.419,151424.0,3.6,1716.0,0.2,2.13,0.44,246.507,287.708,288.811,4391.27,no recession
2022-04-01,104.2709,17664.987,151678.0,3.6,1805.0,0.33,2.75,0.76,248.565,288.663,290.455,4391.3,no recession
2022-05-01,104.1646,17639.926,152042.0,3.6,1562.0,0.77,2.9,0.98,252.907,291.474,292.289,4040.36,no recession
2022-06-01,103.9464,17558.655,152412.0,3.6,1575.0,1.21,3.14,1.49,259.747,295.328,294.354,3898.95,no recession
2022-07-01,104.4824,17651.739,152980.0,3.5,1377.0,1.68,2.9,2.23,254.938,295.271,295.275,3911.73,no recession
2022-08-01,104.4696,17667.669,153332.0,3.7,1508.0,2.33,2.9,2.63,252.194,295.62,296.95,4158.56,no recession
2022-09-01,104.8292,17673.729,153682.0,3.5,1465.0,2.56,3.52,3.13,253.172,296.761,298.66,3850.52,no recession
2022-10-01,104.7972,17748.128,154006.0,3.7,1426.0,3.08,3.98,3.72,255.913,298.062,299.471,3726.05,no recession
2022-11-01,104.1863,17776.251,154296.0,3.6,1401.0,3.78,3.89,4.15,256.51,298.349,300.066,3917.49,no recession
